age,seniority,sex,urban,private,marital,Y
58,32,M,1,1,C,No
37,30,M,0,1,C,Yes
56,28,M,0,1,C,Yes
68,27,M,0,1,C,No
58,26,M,0,1,C,No
57,26,M,0,0,O,No
46,25,F,0,1,C,Yes
65,25,M,0,1,C,Yes
64,24,M,0,1,C,No
53,22,M,0,0,C,No
45,21,M,0,1,C,Yes
43,21,M,1,1,C,Yes
59,20,M,0,1,C,No
56,20,M,0,1,C,Yes
48,20,M,0,1,C,Yes
71,20,M,1,1,C,Yes
59,19,F,0,1,C,Yes
63,19,F,1,1,C,No
61,23,M,0,1,C,Yes
59,21,M,1,1,C,Yes
55,19,M,0,1,C,No
45,19,M,0,1,C,Yes
72,19,M,0,1,C,No
53,19,M,0,1,C,Yes
50,21,M,1,1,C,No
57,19,M,0,1,C,No
65,19,M,0,1,C,No
66,19,M,1,1,C,No
68,26,F,1,1,C,Yes
53,20,M,0,1,C,Yes
62,30,M,1,1,C,No
71,18,M,1,1,O,Yes
52,24,M,0,1,C,Yes
69,18,M,0,1,C,No
64,18,M,1,1,C,Yes
54,21,M,0,1,C,Yes
50,19,M,0,1,C,Yes
66,18,M,0,1,C,No
53,19,F,1,1,O,Yes
43,26,M,0,1,C,Yes
76,18,M,0,1,C,No
56,18,M,1,1,C,Yes
47,25,M,1,1,S,Yes
47,17,M,1,1,C,Yes
56,26,M,1,1,C,Yes
50,23,M,0,1,C,Yes
44,19,M,1,1,C,Yes
50,20,M,1,1,C,No
62,15,M,0,1,C,No
65,18,M,0,1,C,No
46,17,M,0,1,C,No
48,17,M,0,1,C,Yes
60,17,M,0,1,C,No
46,17,F,0,1,S,No
48,17,M,1,1,C,No
54,26,M,0,1,C,Yes
64,17,M,1,1,C,No
51,21,M,1,1,C,Yes
69,16,M,0,1,C,No
47,21,F,0,1,S,Yes
44,18,M,1,1,C,Yes
61,16,F,0,1,C,Yes
52,16,F,1,1,S,No
56,21,M,0,1,C,Yes
61,16,M,0,1,C,No
72,16,M,1,1,C,No
46,16,M,0,1,S,No
48,18,M,0,1,C,Yes
48,16,M,1,1,C,Yes
44,16,M,1,1,C,Yes
48,16,M,0,1,C,No
64,19,M,0,1,C,No
36,16,F,1,1,O,Yes
47,16,M,1,1,C,Yes
57,16,M,0,1,C,No
58,18,M,1,1,C,Yes
53,15,M,1,1,C,Yes
49,21,M,0,1,C,Yes
74,29,M,0,1,C,Yes
46,25,M,0,1,C,Yes
55,20,M,0,1,C,No
57,28,M,0,1,C,Yes
55,15,M,0,1,S,No
76,19,M,0,1,C,No
54,21,M,0,1,S,Yes
51,15,M,0,1,C,No
73,15,M,1,1,C,No
57,21,M,0,1,C,Yes
50,15,M,0,1,C,No
58,21,M,0,1,C,Yes
66,15,M,1,1,C,No
43,15,F,1,1,S,No
39,15,F,1,1,O,Yes
77,15,M,0,1,C,Yes
47,15,M,1,1,C,No
66,20,M,0,1,S,No
47,14,M,0,1,O,No
46,14,M,0,1,C,No
53,14,F,1,1,C,No
57,14,M,1,1,C,Yes
54,14,M,0,1,C,No
41,14,M,0,1,C,No
48,18,M,1,1,C,Yes
65,14,M,1,1,C,Yes
74,14,M,0,1,C,No
42,14,M,0,1,S,No
59,17,M,0,1,C,No
45,14,M,0,1,C,Yes
33,15,M,0,1,C,No
47,16,M,1,1,S,Yes
44,14,M,1,1,C,Yes
57,14,F,1,1,C,Yes
55,20,M,0,1,C,No
42,15,M,0,1,C,Yes
52,14,M,0,1,C,No
70,16,M,0,1,C,No
35,16,M,0,1,C,Yes
37,16,M,0,1,C,No
39,15,M,0,1,C,Yes
51,21,F,0,1,C,No
45,15,M,0,1,S,Yes
67,20,M,1,1,C,No
49,14,F,0,1,C,No
51,14,M,1,1,C,Yes
72,20,M,0,1,C,No
43,17,M,1,1,C,Yes
56,14,M,0,1,C,No
42,15,M,0,1,C,No
32,14,F,1,1,S,Yes
43,18,M,1,1,C,Yes
85,35,M,0,1,S,Yes
57,16,M,1,1,C,No
44,14,M,0,1,C,No
36,14,M,0,1,C,Yes
37,14,M,0,1,C,Yes
62,15,M,0,1,C,No
53,14,M,0,1,C,No
41,14,M,0,1,C,No
33,14,F,1,1,S,No
58,14,M,0,1,C,No
65,13,M,0,1,O,No
40,14,F,0,1,C,Yes
42,13,M,0,1,C,No
48,20,M,0,1,S,Yes
63,24,M,0,1,C,No
47,22,M,0,1,C,No
60,20,M,0,1,C,No
46,21,F,1,1,S,Yes
34,13,M,0,1,C,No
32,13,F,0,1,C,Yes
59,13,M,0,1,C,No
55,20,M,0,1,C,No
43,17,M,0,1,S,No
30,19,F,0,1,C,No
68,21,M,0,1,C,No
53,21,M,0,1,C,No
61,13,M,0,1,C,No
46,14,M,0,1,S,No
44,21,M,1,1,O,No
43,19,F,0,1,S,No
58,16,M,1,1,C,No
44,15,M,0,1,C,No
36,13,M,0,1,C,Yes
70,26,M,0,1,C,No
73,21,M,0,1,C,No
50,14,M,0,1,C,No
41,13,M,0,1,C,No
48,19,M,0,1,C,Yes
73,14,M,0,1,C,No
81,19,M,0,1,C,No
56,13,M,1,1,C,Yes
48,18,M,1,1,C,Yes
32,17,M,0,1,C,Yes
44,13,M,1,1,C,No
54,13,M,0,1,C,No
43,15,M,0,1,C,Yes
41,15,M,0,1,C,Yes
39,13,M,0,1,C,No
58,13,M,0,1,C,No
37,13,M,1,1,C,Yes
44,15,M,0,1,C,No
57,13,M,0,1,C,No
61,9,M,1,1,O,No
43,20,M,1,1,C,Yes
50,14,M,0,1,O,Yes
41,13,M,0,1,C,No
51,17,M,1,1,C,Yes
45,18,F,0,1,O,No
56,19,M,0,1,C,No
57,14,M,1,1,C,No
52,13,M,0,1,C,Yes
41,13,M,0,1,C,No
56,13,M,0,1,C,No
63,16,M,1,1,C,Yes
58,13,M,0,1,C,No
43,15,M,0,1,C,No
45,23,M,0,1,S,No
41,17,M,1,1,S,No
44,13,M,1,1,C,No
65,14,M,0,1,C,No
39,12,F,1,1,C,No
68,22,M,1,1,C,Yes
68,13,M,0,1,C,No
36,17,M,0,1,C,No
44,12,M,1,1,C,No
52,12,F,0,1,C,No
46,18,F,1,1,C,Yes
52,12,M,0,1,C,No
51,14,M,0,1,C,No
42,12,F,1,1,C,No
43,12,M,1,1,S,No
59,25,M,0,1,O,Yes
36,12,M,1,1,C,No
71,12,M,0,1,C,No
40,16,M,0,1,S,No
63,12,M,1,1,C,Yes
50,23,M,0,1,C,Yes
44,15,M,0,1,O,No
65,24,M,0,1,C,No
43,15,M,0,1,C,No
52,23,M,0,1,C,Yes
67,13,M,0,1,C,No
56,20,M,0,1,C,Yes
56,20,M,1,1,C,Yes
44,25,M,0,1,S,Yes
48,12,M,0,1,C,No
50,16,M,0,1,C,No
54,12,M,0,1,C,No
41,15,M,0,1,C,Yes
47,12,M,0,1,C,Yes
27,12,M,0,1,C,Yes
45,13,F,1,1,C,Yes
41,18,M,1,1,C,Yes
38,15,M,0,1,C,Yes
37,16,M,0,1,C,Yes
70,38,M,0,1,C,No
52,15,M,1,1,S,No
47,21,M,1,1,C,Yes
52,21,M,0,1,S,No
52,24,M,0,1,C,Yes
51,17,M,0,1,C,No
69,25,M,0,1,C,Yes
39,21,M,0,1,C,No
68,12,M,0,1,C,No
46,12,M,0,1,C,Yes
38,14,M,1,1,C,Yes
56,21,M,1,1,C,No
35,12,M,0,1,C,No
42,14,F,1,1,C,No
33,13,F,0,1,C,Yes
61,15,M,0,1,C,No
39,16,M,0,1,S,Yes
43,24,F,1,1,C,No
57,12,M,1,1,C,No
40,16,M,0,1,S,No
42,12,M,1,1,C,No
63,13,M,1,1,C,No
61,21,M,1,1,C,Yes
36,14,M,0,1,C,No
50,11,F,1,1,S,Yes
72,15,M,0,1,C,No
47,11,M,1,1,C,No
46,11,M,1,1,C,No
36,11,M,0,1,C,No
50,15,F,0,1,C,No
74,20,M,1,1,C,Yes
63,20,F,0,1,C,No
63,11,M,0,1,C,No
38,11,M,1,1,C,No
59,11,M,1,1,O,No
46,19,M,0,1,C,No
56,17,M,0,1,C,No
49,13,M,1,1,C,Yes
50,11,F,1,1,C,No
70,11,M,0,1,C,No
55,11,F,0,1,C,No
64,27,M,0,1,C,Yes
64,11,M,1,1,C,No
37,15,M,0,1,C,Yes
57,19,M,1,1,C,No
40,16,M,0,1,C,No
44,16,M,0,1,C,Yes
76,11,M,0,1,C,No
65,11,M,0,1,C,No
52,11,M,1,1,S,No
70,26,M,0,1,C,Yes
37,13,F,0,1,S,Yes
56,17,M,1,1,C,Yes
49,19,F,1,1,S,No
40,20,M,0,1,C,No
49,11,F,0,1,C,Yes
39,15,M,0,1,C,Yes
37,14,M,0,1,C,No
58,11,M,1,1,C,Yes
45,11,M,0,1,C,No
50,21,M,0,1,C,Yes
36,11,F,1,1,C,No
55,27,F,0,1,C,No
35,15,M,1,1,S,No
70,14,M,0,1,C,No
33,14,F,1,1,S,Yes
65,11,M,0,1,C,No
47,16,M,0,0,C,No
43,22,M,0,1,C,Yes
58,14,M,0,0,C,No
41,11,M,1,1,S,Yes
44,12,M,1,1,C,Yes
49,24,M,0,1,C,No
31,2,M,0,1,S,No
65,16,F,0,1,O,Yes
58,22,M,0,1,C,No
43,18,M,0,1,C,Yes
53,11,M,0,1,C,No
58,22,F,1,1,C,Yes
69,20,M,0,1,C,No
48,14,M,0,1,C,No
41,18,M,0,1,C,Yes
37,13,M,0,1,S,No
60,31,M,1,1,C,Yes
45,15,M,1,1,S,Yes
49,22,M,1,1,C,Yes
55,11,M,1,1,C,No
71,14,M,0,1,C,No
54,20,M,0,1,C,No
38,14,M,1,1,C,No
61,16,M,1,1,C,Yes
44,12,M,1,1,C,Yes
63,11,M,1,1,C,No
39,10,M,0,1,S,No
61,10,M,1,1,C,No
49,14,F,0,1,C,Yes
38,15,M,1,1,C,Yes
59,26,F,0,1,C,Yes
35,17,M,0,1,S,No
47,10,M,1,1,C,Yes
62,15,M,1,1,C,Yes
45,14,M,1,1,C,Yes
52,20,M,0,1,C,Yes
53,15,F,1,1,C,Yes
46,16,M,0,1,C,No
66,20,M,0,1,C,No
49,20,M,0,1,C,Yes
62,10,M,1,1,C,No
88,24,M,0,1,C,No
29,10,M,0,0,S,No
58,10,M,0,1,C,No
51,16,M,0,1,C,No
61,10,M,1,0,C,No
82,20,M,0,1,C,No
58,19,M,1,1,C,No
51,12,M,1,1,S,Yes
55,10,M,0,1,C,Yes
68,10,M,1,1,C,No
56,17,M,1,1,C,Yes
22,21,M,0,1,C,Yes
55,23,M,0,1,C,No
49,16,M,1,1,C,Yes
33,15,F,0,1,S,Yes
61,18,M,0,1,S,No
35,13,M,0,1,C,Yes
56,28,M,0,1,C,No
39,12,F,0,1,C,Yes
37,14,M,1,1,S,Yes
63,21,M,0,1,C,No
36,10,M,1,1,C,No
71,20,M,0,1,S,No
51,25,M,0,1,C,Yes
67,10,M,0,1,O,No
48,20,M,0,1,C,Yes
61,15,M,0,1,C,No
35,10,M,1,1,C,Yes
75,12,M,0,1,C,No
42,12,M,1,1,C,Yes
60,18,M,1,1,C,No
56,18,M,0,1,C,No
39,14,M,0,1,S,No
38,13,M,0,1,C,No
56,18,M,0,1,C,No
37,10,M,1,1,S,Yes
30,13,M,1,1,S,Yes
53,20,M,1,1,C,Yes
53,14,M,0,1,C,No
49,14,M,0,1,C,No
56,10,M,0,1,C,No
42,9,M,1,1,C,No
54,9,M,0,1,C,No
51,9,M,1,1,C,No
62,16,M,0,1,C,No
54,9,M,1,1,C,No
63,14,M,1,1,C,Yes
58,17,M,0,1,C,No
41,21,M,0,1,S,No
52,24,M,0,1,C,No
53,22,M,1,1,C,No
47,9,M,1,1,C,Yes
46,12,M,1,1,C,Yes
38,9,M,0,1,C,No
32,9,M,0,1,C,No
56,20,M,0,1,C,Yes
54,19,M,0,1,C,No
56,14,M,0,1,C,No
38,13,M,1,1,C,Yes
54,14,M,1,1,C,Yes
46,26,F,1,1,C,Yes
45,9,M,1,1,S,Yes
57,15,M,0,1,O,Yes
52,20,M,1,1,C,Yes
32,14,M,0,1,S,Yes
58,20,M,1,1,C,No
38,14,M,0,1,C,Yes
36,9,M,1,1,C,Yes
42,13,M,1,1,C,Yes
65,13,M,1,1,C,Yes
45,15,F,0,1,C,Yes
45,15,M,1,1,C,Yes
58,13,M,0,1,C,No
72,9,M,0,1,C,No
49,14,F,0,1,O,No
36,9,F,0,1,C,No
39,13,F,1,1,C,No
43,17,M,0,1,C,Yes
33,9,M,0,1,C,No
58,14,M,1,1,C,No
32,9,M,0,1,O,Yes
48,9,M,0,1,C,No
69,9,M,0,1,C,No
45,17,M,0,1,S,No
52,12,M,0,1,C,No
33,11,M,0,1,C,No
47,9,F,1,1,S,Yes
60,9,F,1,1,C,Yes
39,11,F,1,1,C,Yes
47,9,F,1,1,C,Yes
39,13,F,0,1,C,No
39,9,F,0,1,C,Yes
33,14,F,1,1,C,Yes
33,9,M,1,1,C,Yes
52,10,F,1,1,C,No
66,14,M,0,1,S,No
61,15,M,1,1,S,No
56,9,M,0,1,C,Yes
56,9,F,1,1,C,Yes
72,14,M,0,1,C,No
38,14,M,0,1,C,No
46,11,M,1,1,C,No
68,20,M,0,1,C,No
62,30,M,0,1,C,Yes
32,9,M,0,1,C,No
54,18,M,0,1,C,Yes
57,12,M,0,1,C,No
31,12,M,0,1,S,Yes
48,9,F,0,1,C,No
22,9,M,0,1,S,No
48,25,M,0,1,C,No
34,10,M,1,1,C,No
37,14,M,0,1,S,No
75,20,M,0,1,C,No
38,22,M,1,1,C,No
53,20,M,0,1,C,Yes
47,2,M,1,1,C,No
35,11,M,1,1,S,Yes
40,13,M,0,1,S,Yes
37,16,F,0,1,S,No
71,15,M,1,1,C,Yes
71,11,M,0,1,C,No
40,16,F,0,1,C,Yes
65,19,M,0,1,C,No
42,10,F,1,1,C,Yes
57,20,M,0,1,C,Yes
64,19,M,1,1,C,No
73,18,M,0,1,C,No
63,15,M,1,1,C,No
73,18,M,0,1,C,No
38,16,M,1,1,S,Yes
77,13,M,0,1,C,No
73,29,M,0,1,C,Yes
46,23,M,1,1,C,No
38,11,M,1,1,C,Yes
58,19,M,0,1,C,No
67,23,M,0,1,C,No
34,13,M,0,1,S,Yes
42,17,F,0,1,C,Yes
70,32,M,0,1,C,Yes
73,15,M,0,1,C,No
44,21,M,1,1,S,Yes
37,9,M,1,1,S,Yes
49,17,F,0,1,C,Yes
49,17,M,0,1,C,No
53,9,M,0,1,C,No
47,15,F,0,1,C,Yes
60,18,M,1,1,C,No
39,13,M,1,1,C,Yes
67,20,M,1,1,O,Yes
44,20,M,0,1,C,No
63,24,M,1,1,C,No
66,11,M,1,1,C,No
45,14,M,0,1,C,No
36,11,M,0,1,C,No
36,13,F,0,1,S,Yes
49,9,M,0,1,C,No
35,18,M,0,1,C,No
39,15,F,0,1,C,Yes
34,14,M,1,1,O,No
44,19,M,0,1,C,Yes
36,10,F,0,1,C,No
34,9,M,1,1,C,No
37,17,M,1,1,C,No
44,14,M,0,1,S,Yes
58,20,M,0,1,C,No
64,15,M,0,1,C,No
48,9,F,0,1,C,Yes
31,12,M,0,1,C,No
38,12,M,0,1,S,No
57,26,M,1,1,C,Yes
36,14,M,0,1,C,No
63,20,M,1,1,C,No
49,20,M,0,1,C,No
46,28,M,0,1,C,No
43,18,M,0,1,C,Yes
52,13,M,1,1,C,Yes
48,25,F,0,1,C,Yes
51,13,M,1,1,O,Yes
48,19,M,0,1,C,Yes
53,15,M,0,1,C,No
48,15,M,0,1,S,No
51,21,M,1,1,C,No
42,9,M,1,1,C,Yes
46,9,F,0,1,C,Yes
33,15,M,0,1,C,Yes
43,13,M,1,1,C,No
51,21,M,0,1,S,Yes
40,22,M,0,1,C,Yes
73,10,M,0,1,C,No
62,21,F,0,1,S,Yes
56,14,M,0,1,C,No
57,15,M,1,1,C,No
33,23,M,0,1,C,Yes
48,9,M,0,1,C,No
76,24,M,0,1,C,No
65,20,M,1,1,C,Yes
78,15,M,0,1,C,No
51,9,M,0,1,C,No
48,14,M,0,1,C,No
49,25,M,0,1,C,Yes
31,13,M,0,1,C,No
44,13,F,0,1,S,No
38,14,M,0,1,C,Yes
46,15,M,0,1,C,No
57,24,M,1,1,C,Yes
47,10,M,0,1,C,No
46,14,M,1,1,O,No
48,24,M,0,1,C,Yes
47,13,M,0,1,C,No
29,9,F,0,1,S,No
58,14,M,0,1,C,No
62,19,M,0,1,C,No
47,10,M,0,1,C,No
38,14,M,0,1,C,Yes
37,15,M,0,1,S,Yes
48,21,M,0,1,C,No
83,21,M,0,1,C,No
83,11,M,0,1,C,No
35,9,M,1,1,C,Yes
63,9,M,1,1,C,No
35,17,F,1,1,O,No
51,22,M,0,1,C,Yes
54,30,F,0,1,C,Yes
43,18,M,1,1,C,Yes
55,16,F,1,1,C,Yes
45,12,M,0,1,C,No
37,10,F,0,1,S,Yes
52,13,M,0,1,C,No
55,15,M,0,1,C,No
39,13,M,1,1,C,No
45,15,M,1,1,C,No
55,11,M,0,1,C,No
31,10,M,0,1,S,No
55,21,M,1,1,C,No
52,9,F,1,1,C,No
37,12,M,0,1,S,No
57,13,M,1,1,C,Yes
52,27,M,0,1,S,No
49,20,M,0,1,C,No
39,16,M,1,1,S,No
59,13,M,1,1,C,No
55,23,M,0,1,S,No
56,22,M,1,1,C,No
33,13,F,0,1,S,Yes
70,29,F,1,1,C,Yes
30,12,F,0,1,C,Yes
38,16,M,0,1,S,No
74,9,M,1,1,C,No
51,12,M,0,1,C,Yes
55,20,M,0,1,C,No
37,10,M,0,1,S,Yes
33,14,M,1,1,S,No
42,9,M,0,1,S,No
60,24,M,1,1,C,Yes
35,9,M,0,1,C,No
36,9,M,0,1,C,No
73,18,M,1,1,C,Yes
35,14,M,0,1,S,No
50,20,F,0,1,C,No
37,14,M,0,1,C,No
71,33,M,0,1,C,No
69,9,M,0,1,C,No
37,9,M,0,1,S,No
52,11,M,0,1,C,Yes
34,11,M,0,1,S,Yes
49,15,F,0,1,C,Yes
49,16,M,1,1,C,No
35,10,M,0,1,C,No
45,17,M,0,1,C,No
63,10,M,1,1,C,Yes
38,11,M,1,1,C,Yes
41,9,F,1,1,C,Yes
59,10,M,0,1,C,No
67,11,M,0,1,C,No
55,16,M,1,1,C,No
64,15,M,0,1,C,No
27,11,F,0,1,S,No
44,18,M,1,1,C,Yes
57,17,M,0,1,C,No
52,13,M,0,1,C,No
35,16,M,1,1,C,No
51,12,M,0,1,C,No
44,11,M,0,1,C,No
37,14,M,0,1,S,Yes
37,11,M,1,1,S,Yes
38,14,M,0,1,C,No
52,14,M,1,1,C,No
42,10,F,1,1,C,No
35,14,M,1,1,C,Yes
38,14,M,1,1,C,No
54,10,F,0,1,C,No
57,16,M,0,1,C,No
60,27,F,0,1,C,No
38,14,M,0,1,C,Yes
34,13,M,0,1,C,Yes
57,11,M,0,1,C,No
38,22,M,0,1,C,Yes
53,9,M,0,1,C,No
42,14,M,0,1,C,No
55,21,F,1,1,C,Yes
65,26,M,0,0,C,Yes
38,16,M,0,1,S,No
74,10,M,0,1,C,No
58,17,M,0,1,C,No
70,27,M,0,1,C,Yes
58,18,M,0,1,C,Yes
52,11,M,1,1,C,Yes
33,11,M,1,1,C,Yes
60,17,M,0,1,C,No
38,10,F,1,1,C,No
50,12,M,0,1,O,No
31,11,M,0,1,C,Yes
50,29,M,0,1,C,No
45,12,F,1,1,C,No
73,15,M,1,1,C,No
45,15,M,0,1,O,Yes
37,15,M,0,1,C,Yes
38,12,F,0,1,S,No
63,21,M,0,1,C,No
42,16,F,1,1,C,No
65,10,M,0,1,C,No
54,19,F,0,1,C,No
56,20,M,0,1,C,Yes
69,14,M,1,1,C,No
55,15,F,0,1,C,No
54,19,M,0,1,C,Yes
36,10,M,1,1,S,No
50,14,M,0,1,C,No
34,9,M,1,1,S,No
45,17,F,0,1,S,Yes
34,9,M,0,1,C,Yes
60,20,M,1,1,C,Yes
54,16,F,1,1,C,Yes
37,9,M,0,1,C,No
51,21,M,1,1,S,No
73,17,M,1,1,C,Yes
38,13,F,0,1,C,Yes
43,20,M,0,1,C,No
45,15,M,0,1,C,No
32,16,F,1,1,S,Yes
61,9,M,0,1,C,No
75,12,M,1,1,C,No
46,15,M,1,1,C,No
43,10,F,0,1,C,Yes
46,10,M,0,1,C,No
52,14,M,1,1,C,Yes
42,18,M,0,1,S,Yes
38,15,M,0,1,C,No
38,15,M,0,1,S,No
29,13,M,1,1,S,No
47,14,M,1,1,C,No
52,14,M,0,1,C,No
44,15,F,0,1,C,Yes
49,14,M,0,1,C,Yes
54,23,M,0,1,C,Yes
42,14,F,0,1,C,Yes
31,10,F,0,1,C,Yes
33,14,M,0,1,S,No
47,24,M,0,1,C,Yes
52,14,M,1,1,S,Yes
54,14,F,0,1,C,Yes
73,15,M,0,1,C,No
32,10,M,0,0,S,No
44,19,M,1,1,C,Yes
32,23,M,0,1,S,Yes
33,20,F,0,1,C,Yes
75,17,M,1,1,C,No
60,17,M,0,1,C,No
31,12,F,0,1,S,No
58,12,M,1,1,C,Yes
35,12,M,0,1,C,No
37,2,F,0,0,C,No
66,28,M,0,1,C,Yes
59,17,M,1,1,C,Yes
39,16,M,0,1,C,No
74,14,M,0,1,C,No
45,15,F,0,1,C,No
51,20,M,1,1,C,No
52,13,M,0,1,C,No
47,17,M,0,1,C,Yes
58,17,M,0,1,C,No
43,13,F,1,1,C,Yes
51,9,F,0,1,C,Yes
47,14,M,1,1,S,Yes
59,21,M,0,1,S,No
34,9,M,0,0,C,No
45,11,F,0,1,C,No
33,10,M,0,1,O,No
41,13,F,1,1,C,No
58,16,M,0,1,C,No
63,13,M,0,1,C,No
39,15,M,0,1,C,Yes
72,14,M,0,1,C,No
46,12,M,1,1,C,No
75,26,M,1,1,C,Yes
29,25,M,0,1,C,Yes
46,16,M,0,1,C,No
55,16,M,0,1,C,No
38,14,M,1,1,C,Yes
40,11,M,0,1,C,No
46,21,M,1,1,C,No
60,11,M,0,1,C,No
72,21,M,0,1,C,No
62,17,M,1,1,C,No
39,16,M,1,1,S,No
40,20,F,0,1,C,Yes
43,22,M,1,1,C,Yes
37,11,M,0,1,C,No
43,16,M,1,1,C,Yes
72,17,M,1,1,C,Yes
55,19,M,1,1,C,No
74,11,M,0,1,C,No
51,13,M,0,1,C,No
56,17,M,0,1,C,No
40,12,M,0,1,C,No
45,17,M,0,1,C,No
38,12,M,1,1,S,No
55,9,F,0,1,C,No
51,12,F,0,1,S,Yes
55,25,M,0,1,S,No
33,13,M,0,1,C,Yes
55,19,M,0,1,C,Yes
71,9,M,1,1,C,No
73,26,M,0,1,C,No
41,14,M,0,1,S,Yes
52,13,M,0,1,C,Yes
30,15,F,0,1,C,Yes
47,23,M,0,1,C,Yes
33,15,M,1,1,C,Yes
53,20,M,1,1,C,No
58,18,M,0,1,C,No
36,11,M,0,1,C,No
48,20,M,1,1,C,Yes
65,18,M,0,1,C,No
43,20,F,1,1,C,Yes
51,15,M,0,1,C,No
72,13,M,1,1,C,No
60,23,M,0,1,C,Yes
49,21,F,0,1,S,Yes
56,19,M,1,1,C,Yes
40,14,M,0,1,S,No
63,20,M,0,1,C,No
45,19,M,0,1,C,Yes
42,18,M,0,1,C,No
58,20,M,0,1,S,Yes
63,18,M,0,1,C,No
36,12,M,0,1,C,No
48,25,F,1,1,C,No
44,9,F,1,1,C,Yes
53,13,M,0,1,C,No
37,10,M,1,1,S,Yes
53,16,F,0,1,C,Yes
47,22,M,1,1,S,No
58,18,M,0,1,C,Yes
41,14,F,1,1,S,Yes
49,8,M,1,1,C,No
44,15,M,0,1,C,No
77,17,M,0,1,C,No
37,13,F,1,1,C,No
37,10,F,0,1,S,Yes
37,12,F,0,1,C,No
52,20,M,1,1,C,No
56,10,M,0,1,C,Yes
47,18,M,0,1,C,No
42,13,M,1,1,C,Yes
43,11,M,0,1,C,No
33,16,M,0,1,S,Yes
63,20,M,1,1,C,Yes
43,19,M,1,1,C,Yes
32,8,F,0,1,S,Yes
42,9,M,0,1,C,No
48,12,F,0,1,S,Yes
49,27,F,0,1,S,Yes
41,26,M,0,1,C,Yes
44,13,M,1,1,C,Yes
61,9,F,0,1,C,No
31,8,M,0,1,C,No
61,14,M,1,1,C,No
60,32,M,0,1,C,Yes
51,8,M,0,1,C,No
38,14,F,0,1,S,No
58,12,M,1,1,C,Yes
58,23,M,1,1,C,No
37,8,M,0,1,C,No
43,18,M,0,1,C,No
45,15,M,1,1,C,No
73,8,M,0,1,C,No
53,8,M,1,1,C,No
63,22,M,0,1,C,No
44,19,M,0,1,C,Yes
52,29,M,0,1,C,Yes
39,14,M,0,1,C,Yes
31,15,M,0,1,C,No
62,13,M,1,1,C,No
34,16,M,1,1,S,No
73,15,M,0,1,C,No
55,13,M,1,1,C,Yes
57,12,M,0,1,C,No
38,14,M,0,1,C,Yes
38,16,M,0,1,S,No
44,14,M,0,1,C,No
44,12,M,1,1,S,Yes
42,14,M,0,1,C,No
52,14,M,0,1,C,No
62,13,F,1,1,S,No
39,18,M,0,1,S,Yes
62,14,M,0,1,C,No
55,31,M,0,1,C,Yes
44,14,M,0,1,C,No
76,15,M,0,1,C,No
37,16,M,1,1,C,No
44,10,M,0,1,O,No
43,14,M,1,1,C,No
34,9,M,1,1,O,Yes
44,19,F,0,1,C,Yes
42,16,M,0,1,C,Yes
72,15,F,1,1,C,Yes
49,14,M,0,1,C,No
56,9,M,0,1,C,No
44,16,M,0,1,S,No
44,18,M,1,1,C,Yes
49,19,M,0,1,S,No
54,26,M,0,1,C,Yes
78,20,M,0,1,C,No
35,13,M,1,1,S,No
48,8,F,0,1,C,No
39,14,M,0,1,C,Yes
45,19,M,0,1,C,No
46,19,F,0,1,S,No
47,13,M,1,1,C,No
34,11,F,1,1,C,Yes
38,14,M,0,1,S,Yes
61,19,M,0,1,C,No
36,10,M,1,1,C,Yes
49,11,M,0,1,C,No
34,12,M,0,1,S,Yes
36,15,M,0,1,C,Yes
43,11,F,0,1,C,Yes
57,20,F,1,1,C,No
53,21,F,0,1,C,No
30,9,M,1,1,S,No
29,9,M,1,1,C,Yes
53,15,M,0,1,C,No
37,13,F,0,1,S,No
62,21,M,0,1,C,No
41,15,M,1,1,C,No
56,17,M,0,1,C,No
68,8,M,1,1,C,No
60,15,F,0,1,O,Yes
51,8,F,0,1,C,No
39,16,M,0,1,C,No
46,18,M,0,1,S,No
62,15,M,0,1,C,No
35,10,M,0,1,C,Yes
75,12,M,1,1,C,No
45,16,F,1,1,S,Yes
41,13,M,0,1,C,No
29,11,F,0,1,C,No
66,18,M,0,1,C,No
40,16,M,0,1,C,No
35,8,M,0,1,C,No
32,20,M,0,1,S,No
46,19,F,0,1,C,Yes
37,13,M,0,1,S,No
41,40,M,0,1,C,No
30,11,M,0,1,C,No
68,14,F,1,1,C,Yes
48,12,M,1,1,C,No
52,13,F,1,1,S,Yes
41,15,M,0,1,S,No
57,9,M,0,1,C,No
62,23,M,0,1,C,Yes
45,17,M,0,1,C,Yes
52,15,F,0,1,C,Yes
59,21,M,1,1,C,No
40,8,M,0,1,O,No
49,19,M,0,1,C,No
56,23,F,0,1,C,Yes
32,12,M,0,1,C,No
30,9,M,1,1,S,Yes
57,10,M,1,1,C,Yes
38,18,M,0,1,S,No
54,20,M,0,1,S,No
50,14,M,0,1,C,No
56,19,M,1,1,S,No
54,18,M,1,1,C,Yes
50,23,M,0,1,S,Yes
47,17,F,0,1,C,No
38,14,M,0,1,C,Yes
48,8,F,0,1,C,No
35,18,M,0,1,C,Yes
65,15,F,0,1,S,Yes
35,14,M,0,1,S,No
71,27,M,0,1,C,Yes
41,16,M,1,1,C,Yes
35,9,M,0,1,O,Yes
32,9,F,0,1,C,Yes
60,27,F,1,1,C,No
48,20,M,1,1,C,Yes
49,9,M,0,1,C,No
44,18,M,0,1,C,No
44,16,M,0,1,C,Yes
47,8,F,0,1,C,No
50,20,M,0,1,C,Yes
50,15,M,0,1,C,No
51,18,M,0,1,C,No
59,14,M,0,1,C,No
75,17,M,1,1,C,No
29,10,F,0,1,S,No
51,14,M,1,1,C,Yes
49,13,M,0,1,C,No
37,15,M,0,1,S,Yes
36,11,M,0,1,C,No
61,13,M,1,1,C,Yes
63,19,F,1,1,S,Yes
36,13,M,0,1,S,No
48,17,M,0,1,C,No
73,28,M,0,1,C,No
82,16,M,0,1,C,No
49,14,F,0,1,O,Yes
49,18,M,0,1,C,Yes
80,9,M,1,1,C,No
33,8,F,1,1,C,No
40,16,M,1,1,C,Yes
39,14,M,0,1,C,Yes
63,14,M,1,1,C,Yes
41,14,M,1,1,C,No
75,15,M,1,1,C,No
40,9,M,1,1,S,No
69,12,M,0,1,C,No
67,24,M,0,1,C,Yes
39,15,M,1,1,C,No
50,8,F,0,1,C,No
53,9,F,0,1,C,No
43,14,M,0,1,C,No
51,16,M,0,1,C,No
62,16,M,0,1,C,No
65,27,M,0,1,C,Yes
73,8,M,0,1,C,No
65,2,M,0,1,C,No
34,12,F,0,1,C,Yes
66,8,M,0,1,C,No
46,18,M,1,1,S,Yes
61,13,F,0,1,O,No
79,21,M,0,1,C,No
50,9,M,0,1,C,Yes
36,12,M,1,1,S,Yes
33,25,M,0,1,C,Yes
51,8,M,0,1,C,No
56,15,M,0,1,C,No
72,20,M,0,1,C,No
68,15,M,0,1,C,No
38,13,M,0,1,C,No
40,13,M,0,1,C,No
60,9,M,1,1,C,No
32,8,M,0,1,C,No
37,11,M,1,1,C,No
44,18,F,1,1,C,No
42,9,F,1,1,S,No
66,21,M,1,1,C,Yes
48,16,M,1,1,C,Yes
41,9,M,0,1,C,No
40,16,M,0,1,C,Yes
50,21,M,1,1,C,No
43,12,M,0,1,C,No
36,10,M,0,1,C,No
67,15,M,1,1,C,Yes
74,15,M,0,1,C,No
43,12,F,0,1,C,No
62,12,M,0,1,C,No
52,22,M,1,1,C,No
67,15,M,0,1,S,No
63,20,M,0,1,C,No
42,12,M,0,1,S,Yes
41,9,M,0,1,C,No
45,13,M,1,1,C,Yes
76,19,M,1,1,C,No
44,11,F,1,1,C,Yes
52,8,F,0,1,C,No
48,19,M,0,1,C,Yes
34,8,M,1,1,C,No
51,16,M,0,1,C,No
50,18,M,0,1,C,Yes
51,9,M,0,1,C,No
63,13,M,1,1,C,No
51,15,M,0,1,C,No
62,16,M,0,1,C,No
38,9,F,0,1,C,Yes
67,9,M,0,1,C,No
38,15,M,0,1,C,Yes
49,16,M,1,1,C,Yes
34,11,M,1,1,C,No
35,8,F,0,1,S,Yes
56,15,M,0,1,C,No
67,16,F,1,1,S,No
67,19,F,1,1,C,Yes
46,14,M,1,1,C,No
80,19,M,1,1,C,Yes
69,9,F,1,1,C,Yes
35,11,M,0,1,S,Yes
51,22,M,1,1,C,Yes
36,15,F,0,1,C,No
38,13,M,0,1,C,No
70,11,M,0,1,C,No
36,11,M,1,1,C,No
57,16,M,1,1,C,Yes
38,17,M,0,1,C,Yes
69,19,M,0,1,C,No
39,14,M,0,1,C,No
75,13,M,0,1,C,No
64,8,M,0,1,C,No
52,15,M,0,1,C,No
62,20,M,0,1,C,No
52,9,M,0,1,C,No
34,8,M,0,1,S,No
61,15,M,0,1,C,No
44,12,F,0,1,C,Yes
33,12,F,0,1,S,Yes
58,8,M,0,1,C,Yes
49,16,M,0,1,C,No
58,20,M,0,1,C,No
36,14,F,0,1,C,No
36,9,F,1,1,S,Yes
58,10,M,0,1,C,No
61,20,M,0,1,C,No
53,15,M,1,1,C,Yes
49,22,M,1,1,C,Yes
52,9,M,1,1,C,Yes
34,20,F,1,1,C,Yes
54,11,M,0,1,C,No
35,11,F,0,1,C,Yes
55,11,F,0,1,C,No
67,18,M,0,1,C,No
59,26,M,0,1,C,Yes
39,12,M,0,1,C,No
54,17,M,0,1,C,No
57,23,M,1,1,C,Yes
75,11,M,0,1,C,No
40,13,F,0,1,S,No
28,11,M,0,0,C,No
42,17,F,1,1,S,Yes
46,15,M,1,1,C,No
51,15,M,0,1,C,No
31,20,M,0,1,S,Yes
37,13,M,1,1,C,Yes
39,15,M,0,1,C,Yes
42,13,F,1,1,S,Yes
51,18,M,0,1,C,No
35,12,F,0,1,S,Yes
41,13,M,0,1,S,No
61,10,F,1,1,C,No
51,16,M,0,1,C,No
49,8,M,0,1,C,No
61,9,F,1,1,C,Yes
52,19,F,0,1,O,Yes
55,15,M,1,1,C,Yes
75,15,M,1,1,C,No
63,9,M,1,1,C,No
43,16,M,1,1,C,Yes
50,12,F,1,1,C,Yes
43,18,M,0,1,C,Yes
64,15,M,0,1,C,No
36,11,M,0,1,C,No
42,15,M,0,1,C,Yes
46,8,F,0,1,C,No
43,24,M,0,1,S,No
60,11,M,0,1,C,No
39,15,M,1,1,C,Yes
73,15,M,0,1,C,No
39,8,F,0,1,C,No
52,15,M,1,1,C,Yes
56,22,M,1,1,C,Yes
52,17,F,1,1,S,Yes
33,13,F,0,1,S,No
30,9,M,0,1,C,Yes
58,14,F,0,1,C,Yes
54,11,M,0,1,S,No
69,17,M,0,1,C,No
38,14,M,0,1,S,Yes
55,8,M,0,1,C,Yes
42,13,F,0,1,C,Yes
55,26,F,0,1,C,No
43,12,F,0,1,S,Yes
70,9,M,1,1,C,No
45,9,F,1,1,C,No
31,8,M,1,1,C,Yes
40,16,M,1,1,C,No
44,20,M,0,1,C,Yes
51,8,F,0,1,C,No
92,16,M,1,1,C,No
42,9,F,0,1,C,No
52,12,M,0,1,C,No
44,11,M,0,1,C,No
53,9,M,1,1,C,Yes
83,14,M,0,1,C,No
43,15,M,1,1,C,Yes
62,10,F,1,1,C,Yes
82,19,M,0,1,C,No
33,14,M,1,1,C,Yes
39,9,M,0,1,S,No
58,11,M,1,1,S,No
63,14,M,0,1,C,No
40,23,M,1,1,S,No
29,10,M,0,1,C,No
66,23,M,0,1,C,No
49,9,M,1,1,C,Yes
44,15,F,0,1,C,No
33,10,M,1,1,C,Yes
38,10,M,1,1,C,No
55,10,F,0,1,C,No
38,12,F,1,1,S,No
40,16,M,0,1,C,No
40,16,F,0,1,S,Yes
51,19,M,0,1,C,Yes
38,23,M,0,1,C,Yes
58,26,M,0,1,C,Yes
62,12,M,0,1,C,No
56,9,M,1,1,C,No
61,28,M,1,1,C,Yes
48,19,M,1,1,C,Yes
72,19,M,0,1,C,No
38,13,M,1,1,S,No
60,13,M,0,1,C,No
43,14,M,0,1,C,No
45,12,F,1,1,C,Yes
42,13,M,1,1,C,Yes
76,15,M,0,1,C,No
53,8,M,0,1,C,No
57,20,M,1,1,C,Yes
37,11,M,0,1,S,No
67,13,M,0,1,C,No
49,19,M,1,1,C,No
65,20,M,1,1,C,Yes
46,9,M,0,1,C,No
43,15,M,0,1,C,Yes
36,13,F,0,1,C,No
66,16,M,0,1,C,No
75,30,M,0,1,C,No
79,15,M,0,1,C,No
42,20,M,0,1,C,Yes
39,11,M,1,1,C,Yes
42,17,M,1,0,C,No
41,15,M,0,1,S,No
30,11,M,0,1,C,Yes
58,9,F,0,1,C,No
38,16,F,0,1,C,Yes
53,28,M,0,1,C,No
56,13,M,1,1,C,Yes
48,14,M,0,1,C,No
43,15,M,0,1,C,Yes
53,14,M,0,1,C,No
43,14,M,0,1,C,No
38,8,M,0,1,C,No
58,18,M,0,1,C,No
38,10,M,0,1,C,No
47,21,M,0,1,C,No
38,14,F,1,1,C,Yes
63,20,F,0,1,C,No
34,13,M,0,1,C,Yes
80,10,F,1,1,C,No
46,9,M,1,1,C,No
38,15,M,0,1,S,No
66,23,M,1,1,C,No
65,8,M,1,1,C,No
61,20,M,0,1,C,No
30,9,F,0,1,S,Yes
61,14,M,1,1,C,Yes
56,25,F,1,1,S,No
47,17,M,1,1,S,Yes
42,9,F,0,1,C,No
71,13,M,0,1,C,No
70,19,F,0,1,O,Yes
50,23,F,1,1,C,Yes
37,11,M,0,1,S,No
56,16,M,0,1,C,No
53,9,M,0,1,C,No
31,16,F,1,1,C,Yes
49,18,M,1,1,C,No
38,13,M,0,1,C,No
37,8,M,0,1,C,No
47,16,M,0,1,C,No
65,9,M,0,1,C,No
55,16,M,0,1,C,No
47,23,M,0,1,S,Yes
35,8,M,0,1,S,No
49,9,M,1,1,C,No
41,8,M,0,1,S,No
57,8,M,0,1,C,No
59,12,F,0,1,C,No
44,10,M,1,1,C,Yes
51,12,F,0,1,C,Yes
54,18,M,1,1,C,Yes
67,17,M,1,1,C,Yes
58,13,F,0,1,C,Yes
44,8,M,0,1,C,No
77,14,M,0,1,C,No
73,24,M,0,1,S,No
51,26,M,1,1,C,No
50,8,M,1,1,C,Yes
41,15,M,0,1,C,No
38,14,M,1,1,C,Yes
44,15,F,1,1,C,No
50,20,M,0,1,C,Yes
69,17,M,0,1,C,No
45,13,M,0,1,C,No
36,12,M,0,1,C,No
42,15,F,0,1,C,No
37,8,M,0,1,C,No
35,10,M,0,1,C,No
41,17,M,0,1,C,No
43,17,M,0,1,C,No
41,24,M,0,1,C,No
48,18,M,1,1,C,Yes
46,13,F,0,1,C,No
29,8,M,0,1,C,No
48,17,M,0,1,C,Yes
37,13,M,0,1,C,Yes
71,19,M,0,1,C,No
40,9,F,0,1,C,Yes
43,17,F,0,1,C,Yes
49,15,F,0,1,S,No
44,14,F,0,1,C,No
49,13,M,0,1,C,No
39,14,M,0,1,C,No
41,12,F,1,1,C,Yes
57,9,M,0,1,C,No
37,15,M,0,1,C,No
53,10,M,0,1,C,No
55,20,M,0,1,C,No
37,12,M,1,1,C,No
62,19,M,1,1,C,No
58,20,M,0,1,C,No
49,15,F,1,1,S,Yes
55,10,M,0,1,C,No
69,13,M,0,1,C,No
39,20,M,0,1,C,No
70,11,M,0,1,C,No
51,15,M,0,1,C,No
47,14,M,1,1,C,Yes
74,10,M,0,1,C,No
38,13,M,0,1,C,No
60,20,M,0,1,S,Yes
39,13,F,1,1,C,Yes
60,10,M,0,1,C,No
34,9,F,1,1,S,No
76,17,F,0,1,C,No
59,20,M,0,1,S,Yes
52,20,M,0,1,C,No
50,10,M,0,1,C,No
44,22,M,0,1,C,Yes
42,10,M,1,1,C,No
59,21,M,0,0,C,No
62,10,M,0,1,C,No
31,12,M,1,1,C,No
58,29,M,0,1,C,Yes
61,9,M,0,1,C,No
55,13,M,0,1,C,No
36,12,M,0,1,C,No
43,9,F,0,1,C,Yes
74,13,M,0,1,C,No
65,21,F,0,1,O,Yes
41,12,F,0,1,C,No
40,16,F,0,1,C,No
37,10,M,1,1,S,Yes
36,11,M,0,1,S,No
65,18,M,1,1,C,No
57,18,M,0,1,C,No
36,12,M,0,1,S,Yes
70,14,M,1,1,C,No
45,11,M,1,1,C,Yes
74,15,M,0,1,C,No
69,14,M,0,1,C,No
35,15,F,0,1,C,Yes
57,20,F,0,1,C,No
43,15,M,0,1,C,Yes
32,14,M,0,1,S,Yes
63,8,F,0,1,S,No
43,15,M,1,1,C,Yes
40,9,M,1,1,C,No
71,21,M,0,1,C,No
34,16,M,0,1,S,No
41,16,M,1,1,S,Yes
33,20,F,0,1,O,No
32,8,M,0,1,S,No
39,15,M,1,1,S,Yes
41,14,M,0,1,S,No
47,19,M,0,1,C,Yes
41,19,M,0,1,C,Yes
45,20,M,0,1,S,Yes
37,14,M,1,1,C,No
52,12,M,0,1,C,No
68,14,F,0,1,C,No
39,12,M,0,1,S,Yes
55,23,M,0,1,C,Yes
45,9,M,0,1,C,Yes
84,14,M,0,1,C,No
46,13,M,0,1,S,Yes
56,23,M,0,1,C,Yes
47,11,M,0,1,C,No
69,15,M,0,1,C,No
52,10,M,0,1,C,No
51,15,M,0,1,C,No
35,11,M,1,1,C,No
36,14,M,0,1,S,No
35,14,F,1,1,S,Yes
57,21,M,1,1,C,Yes
50,13,M,0,1,C,No
61,15,M,1,1,C,Yes
64,22,M,1,1,C,No
48,20,M,0,1,C,Yes
62,14,M,1,1,C,No
52,23,F,0,1,C,Yes
48,18,M,0,1,C,Yes
45,20,F,1,1,S,No
56,8,M,1,1,C,No
30,16,M,0,1,S,Yes
56,27,M,0,1,C,Yes
35,11,M,0,1,S,Yes
44,17,M,0,1,C,No
60,10,M,0,1,C,No
54,17,F,1,1,C,Yes
51,9,F,1,1,S,Yes
63,20,M,0,1,S,No
38,9,M,0,1,S,No
60,10,M,0,1,C,No
61,9,M,0,1,C,No
48,16,M,0,1,C,No
46,17,M,0,1,C,Yes
38,8,F,0,1,C,Yes
68,8,M,0,1,C,No
44,14,F,0,1,C,Yes
36,13,M,0,1,C,Yes
72,8,M,0,1,C,No
54,9,M,0,1,C,No
55,15,M,0,1,C,No
46,21,M,0,1,C,No
54,9,M,0,1,C,No
37,14,M,0,1,C,No
39,11,F,1,1,O,Yes
41,20,M,0,1,C,Yes
65,9,M,0,1,C,No
58,14,M,0,1,C,No
48,20,M,1,1,C,Yes
48,16,M,0,1,C,No
47,11,M,0,1,C,No
36,13,M,0,1,C,No
36,15,M,0,1,C,No
75,18,M,1,1,C,Yes
56,9,M,0,1,C,No
53,10,F,0,1,C,No
49,10,F,0,1,S,Yes
38,13,M,0,1,C,No
46,8,M,0,1,C,No
35,8,M,0,1,C,No
35,14,M,1,1,S,Yes
58,11,M,0,1,C,No
47,12,M,0,1,C,No
44,13,M,0,1,C,No
39,15,F,1,1,C,Yes
40,19,F,0,1,C,No
58,12,M,0,1,C,No
39,15,M,0,1,C,No
40,17,M,0,1,C,Yes
61,18,F,1,1,C,Yes
61,14,M,1,1,C,Yes
62,24,M,1,1,S,Yes
50,24,M,1,1,C,Yes
44,13,M,0,1,S,Yes
38,19,M,1,1,S,No
38,14,M,0,1,C,No
44,8,M,1,1,C,Yes
42,15,F,0,1,C,No
45,16,F,1,1,O,No
47,13,M,1,1,C,Yes
24,10,M,0,1,S,No
63,20,M,0,1,C,No
55,15,M,0,1,C,No
25,20,M,0,1,S,No
42,21,M,1,1,O,No
46,9,M,0,1,C,No
39,12,M,0,1,C,No
68,15,M,1,1,C,Yes
48,17,M,1,1,S,Yes
40,20,F,0,1,C,Yes
39,8,M,0,1,C,No
50,22,M,0,1,S,Yes
48,9,M,1,1,C,No
38,11,M,1,1,C,Yes
33,12,M,0,1,C,Yes
46,22,M,0,1,S,No
43,8,M,0,0,C,Yes
46,8,M,0,1,C,No
36,8,M,0,1,C,No
78,13,M,0,1,C,No
70,18,M,1,1,C,No
40,13,M,0,1,C,No
32,8,M,0,1,C,No
39,9,M,0,1,C,No
69,20,M,1,1,C,No
64,26,M,1,1,C,No
38,20,M,0,1,C,Yes
83,28,M,0,1,C,No
38,14,F,0,1,S,Yes
44,8,F,0,1,C,Yes
71,15,M,0,1,C,No
84,15,M,1,1,O,No
40,16,M,1,1,C,No
78,25,M,0,1,C,No
37,10,M,0,1,C,No
58,16,M,0,1,C,No
53,23,M,0,1,C,Yes
41,14,M,0,1,C,Yes
44,8,M,0,1,C,No
34,8,M,0,1,S,No
43,19,F,0,1,C,Yes
38,16,F,0,1,O,No
67,11,M,1,1,C,No
66,14,M,0,1,C,No
49,9,M,1,1,C,No
56,9,M,0,1,C,No
33,9,M,0,1,S,Yes
69,31,M,0,1,C,Yes
58,27,M,0,1,C,Yes
54,17,M,1,1,C,No
47,9,M,0,1,C,No
51,18,M,1,1,C,No
49,18,M,1,1,C,Yes
53,11,M,0,1,C,No
54,16,M,1,0,C,No
74,14,M,0,1,C,No
36,17,M,0,1,C,Yes
49,14,M,1,1,S,Yes
41,14,M,1,1,C,Yes
63,17,M,1,1,C,No
77,8,M,0,1,C,No
59,9,M,0,1,C,No
58,9,M,0,1,C,No
59,8,M,0,1,C,No
53,8,M,1,1,C,No
40,10,M,0,1,C,Yes
53,13,M,0,1,C,No
71,13,M,0,1,C,No
43,12,F,0,1,C,No
41,12,M,0,1,C,No
42,14,M,1,1,S,Yes
67,19,F,0,1,C,Yes
49,23,M,1,1,C,No
42,15,F,1,1,C,Yes
59,10,M,1,1,C,No
55,8,F,1,1,C,Yes
53,13,M,0,1,C,No
40,12,F,0,1,C,Yes
61,15,M,0,1,C,No
41,20,M,0,1,C,No
55,28,F,1,1,O,Yes
72,10,M,0,0,C,No
45,17,M,1,1,C,No
38,11,M,1,1,C,No
39,17,M,0,1,C,Yes
69,18,M,0,1,O,No
56,10,F,1,1,C,Yes
45,24,M,0,1,S,No
42,10,F,0,1,S,No
45,8,M,1,1,C,Yes
44,20,M,0,1,S,Yes
45,13,F,0,1,C,Yes
66,15,M,0,1,C,No
41,14,M,1,1,S,No
66,13,M,0,1,C,No
65,14,M,0,1,C,No
72,14,M,0,1,C,No
49,8,M,0,1,C,No
83,13,M,0,1,C,No
68,19,M,0,1,C,No
62,8,M,0,1,C,No
52,18,M,0,1,C,No
64,26,M,0,1,C,Yes
41,15,M,0,1,C,Yes
40,15,M,0,1,C,Yes
39,14,M,1,1,C,No
41,13,M,0,1,C,No
48,21,M,1,1,C,Yes
47,8,F,0,1,C,No
35,14,M,0,1,S,No
48,9,F,0,1,C,No
57,30,M,0,1,C,Yes
40,14,M,1,1,C,No
33,15,F,0,1,C,Yes
53,17,M,0,1,C,Yes
42,16,M,0,1,C,Yes
52,21,M,0,1,C,No
40,14,M,0,1,C,No
64,16,M,1,1,C,No
42,20,M,1,1,S,No
52,29,F,0,1,S,No
56,29,M,0,1,C,Yes
45,16,M,1,1,C,Yes
47,17,F,0,1,C,Yes
65,15,M,0,1,C,No
44,22,M,1,1,S,No
74,15,M,0,1,C,No
42,16,M,0,1,C,Yes
53,9,M,0,1,C,No
30,8,M,0,1,C,No
54,15,M,0,1,C,No
51,20,F,1,1,S,No
40,10,F,0,1,S,No
45,23,M,0,1,C,No
72,11,M,0,1,C,No
65,19,F,0,1,C,Yes
43,8,M,0,1,C,No
40,15,F,0,1,S,No
44,17,M,0,1,C,Yes
42,17,M,1,1,C,Yes
42,21,M,0,1,C,Yes
71,21,M,0,1,C,No
61,16,M,0,1,C,No
56,20,F,0,1,C,Yes
54,24,M,0,1,C,Yes
38,12,F,1,1,C,Yes
37,11,M,0,1,S,Yes
66,15,M,0,1,C,No
58,22,F,1,1,O,No
61,11,M,0,1,C,No
65,8,M,0,1,C,No
77,18,M,0,1,O,No
60,14,M,1,1,C,Yes
41,2,M,0,1,O,No
74,23,M,1,1,C,Yes
48,13,M,0,1,C,No
42,16,M,0,1,S,No
29,14,M,0,1,C,Yes
82,12,F,1,1,C,No
56,10,M,1,1,C,No
41,17,M,0,1,C,No
42,9,M,1,1,C,Yes
53,13,M,1,1,C,No
60,19,F,1,1,C,Yes
49,13,F,0,1,C,Yes
61,8,M,1,1,C,No
35,9,F,0,1,C,Yes
65,15,M,0,1,C,No
30,11,M,0,1,C,No
39,11,M,0,1,C,No
50,26,M,1,1,C,Yes
59,20,F,1,1,C,Yes
38,10,F,1,1,C,Yes
68,18,M,0,1,C,No
47,9,M,1,1,C,Yes
48,15,M,0,1,C,No
38,8,F,1,1,C,No
42,9,F,1,1,S,No
61,23,M,0,1,C,Yes
37,11,F,0,1,S,Yes
52,14,M,1,1,C,No
35,8,M,0,1,C,No
59,19,M,1,1,C,No
34,14,M,0,1,S,Yes
60,27,M,0,1,C,Yes
34,15,M,1,1,C,No
50,14,M,0,1,C,No
53,14,M,1,1,C,No
62,28,M,0,1,C,Yes
48,8,F,0,1,S,Yes
45,19,M,1,1,C,Yes
49,17,F,1,1,S,Yes
70,21,M,1,1,C,No
33,8,M,0,1,C,No
36,21,M,0,1,C,Yes
79,16,M,0,1,C,No
50,15,F,1,1,C,No
62,9,M,0,1,C,No
54,9,F,1,1,C,No
44,9,F,0,1,C,Yes
36,11,M,1,1,S,No
33,10,M,1,1,O,No
40,18,M,0,1,C,Yes
50,17,M,1,1,S,No
53,13,M,1,1,C,Yes
42,15,F,0,1,C,Yes
54,14,M,1,1,C,Yes
70,11,M,0,1,C,No
41,16,M,0,1,C,No
41,8,M,0,1,C,No
55,13,M,1,1,C,No
46,15,M,0,1,C,No
72,17,M,0,1,C,No
58,14,F,0,1,S,Yes
51,13,M,1,1,C,No
43,18,F,1,1,S,Yes
32,9,F,0,1,C,Yes
34,12,M,1,1,C,No
36,9,M,0,1,C,No
35,11,M,0,1,S,No
54,9,M,1,1,C,No
55,12,M,0,1,S,No
49,12,F,0,1,C,Yes
38,17,M,0,1,S,No
40,21,M,1,1,C,No
38,8,M,0,1,C,No
55,24,M,1,1,C,Yes
51,20,M,1,1,C,No
47,13,M,0,1,C,No
39,16,M,1,1,C,No
61,21,F,0,1,C,No
33,11,M,0,1,S,Yes
52,8,M,0,1,C,No
22,8,M,0,1,S,Yes
28,8,F,0,1,S,No
36,15,M,0,1,C,Yes
71,15,M,0,1,C,No
32,9,F,1,1,S,Yes
46,10,M,1,1,C,No
60,17,M,0,1,C,No
55,21,M,0,1,C,No
35,12,M,0,1,C,No
35,11,F,0,1,C,Yes
52,10,M,0,1,C,No
43,13,M,1,1,C,Yes
52,9,M,0,1,C,No
43,15,M,1,1,S,Yes
43,8,M,0,1,C,No
50,14,M,0,1,C,No
40,8,F,1,1,C,No
44,20,M,0,1,C,No
35,11,F,0,1,S,Yes
45,9,M,1,1,C,Yes
68,14,M,0,1,C,No
35,13,M,1,1,C,Yes
61,14,F,1,1,C,No
44,15,M,1,1,C,No
45,20,F,1,1,S,No
56,9,M,0,1,C,No
44,22,M,1,1,C,Yes
72,11,M,0,1,C,No
67,19,M,1,1,C,No
63,9,M,1,1,C,No
62,8,M,0,1,C,No
39,15,F,1,1,C,No
52,16,M,0,1,C,No
75,9,M,1,1,C,No
57,18,M,0,1,C,No
36,8,F,0,1,C,No
36,10,F,0,1,S,Yes
34,9,F,0,1,S,Yes
30,10,M,0,1,S,Yes
61,24,M,0,1,C,Yes
43,11,M,1,1,C,No
60,12,M,1,1,C,Yes
34,9,M,1,1,C,Yes
68,17,M,0,1,C,No
71,19,M,1,1,C,No
73,22,M,0,1,C,No
51,13,M,0,1,C,No
67,14,M,1,1,C,No
41,9,M,0,1,C,No
41,9,M,1,1,C,No
29,9,M,1,1,S,Yes
51,15,M,0,1,C,No
46,14,M,1,1,S,Yes
73,24,M,1,1,C,Yes
36,13,M,1,1,C,Yes
28,9,M,0,1,O,Yes
38,8,M,0,1,C,No
66,15,M,0,1,C,No
49,17,F,1,1,C,Yes
41,8,F,1,1,C,No
55,14,M,0,1,C,No
42,11,F,0,1,C,Yes
35,9,F,1,1,S,No
45,9,F,1,1,S,Yes
36,16,M,1,1,S,Yes
62,8,M,0,1,C,No
36,8,F,0,1,S,No
58,17,M,0,1,C,No
39,16,M,0,1,S,Yes
36,16,M,0,1,S,Yes
50,9,F,0,1,C,No
45,11,M,0,1,C,No
42,14,M,0,1,C,No
31,12,M,0,1,S,Yes
39,17,M,0,1,S,Yes
73,19,M,1,1,C,Yes
41,18,M,1,1,S,Yes
32,12,M,0,1,S,Yes
28,17,M,0,1,S,Yes
54,13,M,0,1,C,No
41,9,M,1,1,S,No
43,21,F,0,1,S,Yes
63,8,M,1,1,C,No
40,8,F,0,1,C,Yes
47,8,F,0,1,C,No
39,10,M,0,1,C,No
47,15,M,1,1,C,No
39,13,M,1,1,S,Yes
58,22,F,1,1,S,Yes
39,11,M,1,1,C,No
41,17,M,0,1,S,Yes
31,9,M,0,1,O,Yes
51,11,M,1,1,C,No
71,8,M,0,1,C,No
44,9,M,1,1,C,No
47,20,M,0,1,O,Yes
48,14,M,0,1,C,No
59,24,F,1,1,C,Yes
55,27,M,0,1,C,No
60,13,M,1,1,C,No
32,9,M,0,1,S,No
34,14,M,1,1,C,Yes
36,9,F,0,1,C,Yes
44,15,M,0,1,C,No
58,8,M,0,1,C,No
44,10,F,0,1,C,No
32,14,M,0,1,S,No
27,16,M,1,1,S,Yes
41,21,M,1,1,C,Yes
48,11,M,1,1,C,Yes
69,11,M,0,1,C,No
48,20,M,0,1,C,No
41,12,M,0,1,C,No
29,10,M,1,1,S,No
76,26,M,0,1,C,No
32,10,M,0,1,C,No
36,9,M,0,1,C,No
36,14,F,0,1,S,Yes
47,10,M,1,1,C,No
75,21,M,1,1,C,Yes
50,8,M,1,1,C,Yes
34,15,M,1,1,C,Yes
50,16,M,0,1,C,No
46,17,M,0,1,C,Yes
76,22,M,1,1,C,Yes
32,9,M,1,1,C,Yes
68,20,M,0,1,O,No
72,21,M,0,1,O,No
35,8,M,0,1,C,Yes
42,20,M,0,1,C,No
59,15,M,0,1,S,No
53,27,M,1,1,S,Yes
38,9,M,0,1,C,Yes
46,9,M,1,1,C,No
47,20,M,0,1,S,No
64,26,M,1,1,C,Yes
51,21,M,0,1,C,Yes
42,15,F,1,1,C,No
33,10,F,0,1,S,Yes
53,18,M,1,1,C,Yes
52,8,F,0,1,C,No
49,12,M,0,1,C,No
57,25,M,1,1,C,No
50,19,M,1,1,C,Yes
38,8,F,1,1,S,No
45,13,M,1,1,C,No
62,14,M,0,1,C,No
74,21,M,1,1,C,Yes
44,20,M,0,1,C,Yes
62,20,M,0,1,C,No
40,8,M,0,1,C,No
52,8,F,1,1,C,No
90,18,M,0,1,C,No
37,12,M,0,1,C,No
31,28,M,1,1,S,No
49,16,M,1,1,O,Yes
63,23,M,1,1,C,Yes
38,12,M,1,1,C,No
49,23,M,1,1,C,Yes
65,8,M,0,1,C,No
58,21,M,0,1,C,Yes
32,14,M,1,1,C,Yes
65,21,M,0,1,C,No
34,14,F,0,1,S,Yes
64,15,M,0,1,C,No
40,14,M,0,1,C,Yes
35,8,M,0,1,C,No
30,8,M,0,1,S,Yes
32,14,M,1,1,S,Yes
44,22,M,0,1,C,No
63,15,M,0,1,C,No
31,12,M,0,1,S,No
58,14,M,1,1,C,No
41,8,M,0,1,S,No
46,18,M,1,1,S,Yes
48,14,M,1,1,C,No
47,8,M,0,1,S,No
39,15,M,1,1,S,Yes
50,21,M,1,1,C,Yes
74,11,M,1,1,C,No
31,8,F,1,1,S,No
43,20,M,1,1,S,Yes
41,16,M,0,1,C,Yes
46,20,M,0,1,O,Yes
56,14,M,1,1,C,Yes
50,20,M,0,1,S,No
33,11,M,0,1,S,Yes
62,27,M,0,1,S,No
72,16,M,0,1,C,No
42,10,F,1,1,C,Yes
45,8,M,0,1,S,No
42,15,M,1,1,S,Yes
57,18,M,0,1,O,No
53,14,F,1,1,C,Yes
31,13,M,0,1,C,Yes
34,13,F,0,1,C,No
67,11,M,0,1,C,No
74,20,M,0,1,C,No
51,32,M,0,1,O,No
29,8,F,0,1,C,Yes
48,9,F,0,1,C,No
44,8,M,0,1,C,No
44,11,M,0,1,C,No
50,20,M,1,1,C,Yes
38,15,F,0,1,C,Yes
36,14,F,1,1,C,No
36,10,M,0,1,C,No
56,10,M,1,1,C,No
44,17,M,0,1,C,Yes
39,15,F,0,1,S,Yes
33,9,F,0,1,S,No
48,10,M,0,1,C,Yes
29,12,M,0,1,S,No
55,23,M,0,1,C,No
37,11,M,0,1,S,Yes
47,23,F,0,1,C,Yes
41,14,M,0,1,C,No
67,26,M,0,1,C,Yes
37,13,F,1,1,S,No
40,13,F,1,1,S,No
32,11,M,0,1,S,Yes
61,13,M,1,1,C,Yes
36,15,M,1,1,C,No
48,12,M,0,1,C,No
50,16,M,0,1,S,Yes
47,12,M,0,1,C,Yes
32,14,M,0,1,S,Yes
63,15,M,0,1,C,No
66,19,M,1,1,C,Yes
38,15,M,0,1,S,No
37,14,M,0,1,C,Yes
48,8,M,0,1,C,No
43,20,F,0,1,C,Yes
67,12,M,0,1,C,No
41,14,F,1,1,S,Yes
61,10,F,1,1,O,Yes
31,8,F,0,1,S,Yes
61,24,M,1,1,C,Yes
77,11,M,0,1,C,No
66,27,M,0,1,S,No
29,8,M,1,1,S,No
41,8,M,0,1,S,No
30,8,F,0,1,S,No
56,20,F,0,1,C,No
58,18,M,0,1,C,No
41,17,M,0,1,C,Yes
42,16,M,0,1,S,Yes
71,12,M,1,1,C,No
59,15,M,0,1,S,No
72,21,M,0,1,C,No
67,14,M,1,1,C,Yes
51,8,M,1,1,C,Yes
34,12,M,0,1,C,No
50,17,F,0,1,C,Yes
51,8,M,0,1,S,No
68,22,M,0,1,C,No
42,14,F,0,1,C,Yes
36,13,M,0,1,C,Yes
82,20,M,1,1,C,Yes
59,20,M,1,1,C,Yes
41,9,F,0,1,S,Yes
40,15,M,0,1,C,No
46,9,M,0,1,C,No
40,11,M,1,1,C,Yes
33,13,F,1,1,S,Yes
33,9,F,0,1,S,Yes
31,10,F,1,1,S,Yes
45,8,F,0,1,C,No
35,14,M,1,1,C,Yes
58,20,M,0,1,C,No
44,14,M,0,1,C,No
26,9,M,0,1,C,No
75,14,M,0,1,C,No
49,21,M,0,1,C,Yes
40,15,F,0,1,S,Yes
38,16,M,1,1,S,Yes
49,15,M,0,1,C,No
31,10,M,0,1,O,Yes
34,11,M,0,1,S,Yes
68,13,M,0,1,C,No
39,12,F,0,1,C,Yes
65,24,M,0,1,C,Yes
41,11,M,0,1,C,No
54,8,M,0,1,C,No
61,20,M,0,1,C,No
42,12,F,1,1,S,Yes
50,19,M,0,1,O,Yes
58,14,F,0,1,C,Yes
70,13,M,0,1,C,No
43,13,M,0,1,S,No
50,18,M,0,1,C,No
42,19,M,0,1,C,Yes
39,14,M,1,1,C,No
52,26,M,0,1,C,Yes
34,10,M,0,1,S,Yes
41,16,M,1,1,O,No
50,12,M,0,1,C,Yes
54,21,M,0,1,C,No
41,9,M,0,1,C,No
38,16,F,0,1,S,No
50,21,M,1,1,C,Yes
36,9,F,1,1,C,Yes
54,14,M,0,1,C,No
58,23,M,0,1,S,No
40,17,M,1,1,C,No
47,17,M,0,1,C,Yes
48,18,M,0,1,C,No
57,21,M,1,1,S,Yes
44,23,F,0,1,C,Yes
42,8,F,0,1,C,Yes
60,19,M,1,1,C,No
41,14,M,0,1,C,No
50,8,M,0,1,C,No
63,19,M,0,1,C,No
33,8,M,0,1,S,No
54,8,F,1,1,C,Yes
74,12,M,1,1,O,No
37,14,F,0,1,O,Yes
58,8,M,0,1,C,No
31,8,F,0,1,S,Yes
43,9,F,0,1,S,Yes
37,14,M,1,1,O,Yes
50,17,M,1,1,C,No
45,16,M,0,1,C,Yes
62,12,M,0,1,C,No
49,19,M,0,1,C,Yes
60,17,M,1,1,C,Yes
47,18,M,1,1,C,No
30,12,F,0,1,C,No
39,14,M,0,1,C,No
78,12,M,0,1,C,No
40,14,M,1,1,C,Yes
46,14,M,1,1,C,Yes
33,12,M,1,1,C,No
49,27,M,0,1,C,No
59,12,M,0,1,C,No
40,9,M,0,1,C,No
36,23,M,0,1,C,Yes
37,15,M,0,1,S,Yes
62,36,M,0,1,C,No
65,20,M,1,1,C,No
53,16,M,1,1,C,Yes
63,24,F,1,1,C,Yes
49,8,M,0,1,C,No
55,14,M,1,1,C,No
51,9,M,1,1,C,Yes
64,11,M,0,1,C,No
66,25,M,1,1,C,Yes
52,25,M,1,1,C,Yes
36,10,M,1,1,C,Yes
34,9,M,1,1,C,Yes
46,10,F,0,1,C,Yes
36,10,F,0,1,C,No
73,20,M,1,1,C,Yes
34,9,F,1,1,C,No
61,19,M,0,1,C,No
55,16,M,0,1,C,No
46,16,F,1,1,C,Yes
61,11,M,0,1,C,No
47,20,M,0,1,C,No
38,12,F,0,1,S,Yes
51,8,M,0,1,C,No
37,14,M,0,1,O,No
45,21,M,1,1,S,Yes
48,25,F,0,1,S,No
45,23,M,0,1,S,Yes
50,22,M,1,1,C,No
30,8,M,0,1,C,No
35,8,M,0,1,C,No
58,8,M,0,1,C,No
45,8,M,0,1,C,No
51,8,M,0,1,C,No
52,8,M,0,1,C,No
49,8,F,1,1,C,Yes
47,8,M,1,1,C,Yes
37,8,M,0,1,C,No
42,8,M,0,1,S,No
71,8,M,0,1,C,No
53,8,F,0,1,C,No
56,8,M,1,1,C,No
42,8,M,0,1,C,No
51,23,M,0,1,C,Yes
66,15,M,1,1,C,Yes
49,15,F,0,1,C,Yes
43,13,F,0,1,C,Yes
47,11,M,1,1,S,Yes
34,8,F,0,1,C,Yes
47,8,F,0,1,C,No
29,8,M,0,1,S,Yes
55,8,F,1,1,C,Yes
59,8,F,1,1,C,No
42,8,F,0,1,S,Yes
26,8,F,0,1,S,Yes
31,8,F,1,1,C,Yes
34,8,M,0,1,C,No
41,8,M,1,1,C,Yes
42,8,M,1,1,C,Yes
49,8,M,1,1,C,Yes
38,8,F,0,1,C,Yes
54,8,F,0,1,C,No
39,8,M,1,1,C,Yes
70,8,M,0,1,C,No
43,8,M,1,1,C,Yes
59,8,M,1,1,C,No
50,8,F,0,1,C,No
44,8,F,1,1,C,No
52,8,M,0,1,C,No
49,8,M,1,1,C,Yes
82,8,M,0,1,C,No
32,8,M,0,1,S,Yes
42,8,M,0,1,C,No
62,8,F,1,1,C,Yes
66,8,M,0,1,C,No
51,8,F,1,1,O,Yes
34,8,M,1,1,S,Yes
63,35,M,0,1,C,Yes
53,30,M,0,1,C,Yes
61,29,M,0,1,C,Yes
74,28,M,0,1,C,Yes
58,28,F,1,1,S,Yes
37,28,M,0,1,C,No
58,27,M,0,1,C,No
44,27,M,0,1,C,Yes
40,26,M,1,1,S,No
70,25,M,0,1,C,Yes
70,24,M,1,1,C,Yes
34,24,M,0,1,S,No
46,22,M,0,1,C,No
61,22,M,0,1,C,No
75,22,M,0,1,C,No
71,22,M,0,1,C,No
45,21,F,0,1,C,Yes
61,21,M,1,1,C,No
48,21,M,1,1,C,No
45,21,M,0,1,C,Yes
48,21,M,1,1,C,Yes
46,21,M,0,1,S,Yes
52,21,M,0,1,C,Yes
69,21,M,0,1,C,No
46,21,M,0,1,C,No
65,21,M,0,1,C,No
53,21,M,1,1,C,No
79,21,M,0,1,C,No
72,21,M,0,1,C,No
46,21,M,0,1,C,Yes
50,21,M,0,1,C,No
76,21,M,1,1,C,No
46,21,M,0,1,C,No
45,20,M,0,1,S,No
77,20,F,0,1,C,No
37,20,M,0,1,C,Yes
47,20,M,0,1,C,No
65,20,M,1,1,C,No
69,20,M,1,1,C,Yes
44,20,M,0,1,C,No
54,20,M,0,1,C,No
75,20,M,0,1,C,No
47,20,M,0,1,C,Yes
46,20,F,0,1,C,Yes
68,19,F,1,1,C,Yes
40,19,M,0,1,S,Yes
52,18,M,0,1,C,No
42,18,M,0,1,C,No
32,18,M,1,1,C,No
88,18,M,1,1,C,No
46,18,M,0,1,C,Yes
47,18,M,0,1,C,Yes
55,18,M,0,1,O,No
51,17,M,1,1,C,Yes
46,17,F,1,1,O,No
70,17,M,0,1,C,No
42,17,M,1,1,S,Yes
56,17,M,0,1,C,No
68,17,M,1,1,C,Yes
51,17,M,1,1,C,No
66,16,M,0,1,C,No
45,16,M,0,1,C,No
39,16,M,0,1,C,Yes
35,16,M,0,1,S,Yes
55,16,M,0,0,C,No
38,16,F,0,1,C,Yes
44,16,M,1,1,C,Yes
35,16,F,0,1,C,No
39,16,M,0,1,C,No
46,15,M,0,1,C,No
49,15,F,0,1,C,Yes
49,15,M,1,1,C,Yes
65,15,M,1,1,C,No
35,15,M,0,1,C,Yes
58,15,M,0,1,C,No
39,15,M,0,1,C,Yes
48,15,M,1,1,C,No
40,15,M,1,1,C,No
75,15,M,1,1,C,No
71,15,M,1,1,C,No
35,15,F,1,1,S,No
38,15,M,1,1,C,No
36,15,F,0,1,C,No
47,14,M,0,1,C,No
46,14,F,0,1,C,No
41,14,M,0,1,C,No
66,14,M,0,1,O,No
61,14,M,1,1,C,No
38,14,M,0,1,S,No
46,14,M,0,1,C,No
33,14,M,0,1,S,No
69,14,M,1,1,C,No
38,14,M,0,1,C,No
40,14,M,0,1,C,No
44,14,M,1,1,C,No
54,14,F,1,1,S,No
57,14,M,0,1,C,No
75,14,M,1,1,C,No
68,14,F,1,1,C,No
44,14,F,0,1,S,No
62,14,M,0,1,C,No
72,13,M,1,1,C,No
76,13,M,0,1,C,No
75,13,M,0,1,C,No
55,13,M,1,1,S,Yes
54,13,M,1,1,C,Yes
60,13,M,1,1,S,No
44,13,F,0,1,C,Yes
58,13,M,0,1,C,No
42,13,F,0,1,C,Yes
49,13,M,0,1,C,No
37,13,M,0,0,O,No
36,13,M,1,1,S,Yes
41,13,M,1,1,C,No
56,13,M,0,1,C,Yes
34,12,F,0,1,O,No
36,12,M,0,1,C,No
50,12,M,0,1,C,Yes
81,12,M,0,1,C,No
67,12,M,0,1,C,No
33,12,M,0,1,S,No
48,12,M,0,1,S,No
38,12,F,1,1,O,Yes
48,13,M,0,1,C,No
39,12,M,0,1,C,No
44,12,M,0,1,C,No
34,12,F,1,1,S,No
54,11,M,0,1,C,No
35,11,M,1,1,C,Yes
58,11,M,1,1,C,Yes
61,11,M,1,1,C,No
67,11,M,0,1,C,No
38,11,F,0,1,S,Yes
36,11,M,1,1,C,Yes
52,11,M,1,1,C,Yes
55,11,M,0,1,C,No
34,11,M,1,1,C,Yes
38,11,F,1,1,C,No
67,11,M,0,1,C,No
39,10,F,1,1,C,Yes
40,10,F,1,1,C,No
37,10,M,0,1,S,Yes
39,10,M,0,1,C,No
27,10,M,0,1,C,Yes
55,10,F,1,1,S,No
42,10,M,0,1,C,No
69,10,M,1,1,C,No
57,10,F,1,1,O,Yes
70,9,M,1,1,C,Yes
36,9,M,1,1,C,Yes
53,9,M,1,1,C,No
38,9,M,0,1,C,No
55,9,M,0,1,C,No
35,9,M,0,1,C,No
72,9,M,1,1,C,No
32,9,M,0,1,C,No
45,9,M,1,1,C,No
71,9,M,1,1,C,No
33,9,M,0,1,C,No
34,9,M,1,1,S,Yes
33,9,M,0,1,S,No
52,9,F,1,1,C,No
46,9,M,1,1,C,Yes
76,9,M,0,1,C,No
60,9,M,1,1,C,No
77,9,M,1,1,C,No
39,15,F,0,1,C,Yes
36,8,F,0,1,C,No
32,8,M,0,1,S,Yes
36,8,M,0,1,S,No
29,8,M,0,1,O,Yes
56,8,F,0,1,C,No
41,8,M,0,1,C,No
29,12,M,0,1,S,Yes
42,8,M,0,1,C,No
53,8,M,1,1,C,No
35,8,M,0,1,C,No
52,8,M,0,1,C,No
41,8,M,0,1,C,No
26,8,M,0,1,S,Yes
49,8,M,1,1,C,Yes
49,8,M,1,1,C,Yes
43,8,M,1,1,C,Yes
40,8,M,0,1,O,No
60,8,M,1,1,C,Yes
37,8,F,1,1,O,No
34,8,F,0,1,C,Yes
46,7,F,0,1,C,Yes
41,7,M,0,1,C,No
29,7,M,0,1,S,Yes
35,7,F,0,1,C,Yes
56,7,F,0,1,C,No
34,7,M,0,1,S,No
68,7,M,0,1,C,No
62,7,M,1,1,C,No
31,7,M,0,1,C,No
44,7,M,0,1,C,No
39,7,M,0,1,S,No
46,7,M,1,1,C,Yes
50,7,M,0,1,C,No
31,7,F,0,1,C,Yes
47,7,M,0,1,C,No
43,7,M,0,1,C,No
33,34,M,0,1,S,Yes
50,29,M,0,1,C,Yes
56,25,M,0,1,C,No
57,22,M,0,1,C,Yes
47,19,F,0,1,O,No
49,19,M,0,1,C,No
55,19,M,0,1,C,No
65,18,M,0,1,C,No
44,18,M,0,1,C,No
63,18,M,1,1,C,Yes
40,18,M,0,1,C,Yes
40,17,M,0,1,C,No
36,17,F,0,1,S,No
40,17,M,0,1,C,Yes
64,16,M,0,1,C,No
43,16,F,0,1,S,Yes
40,16,M,0,1,C,No
38,15,M,0,1,C,Yes
63,15,M,1,1,C,Yes
37,15,M,0,1,S,Yes
34,14,M,0,1,C,No
46,14,M,0,1,S,Yes
51,13,F,0,1,C,No
43,13,M,1,1,S,No
38,13,M,0,1,C,No
74,12,M,0,1,C,No
47,12,M,0,1,C,No
60,11,M,0,1,C,No
37,11,F,0,1,S,Yes
39,10,F,1,1,S,No
27,9,F,0,1,S,Yes
71,9,F,1,1,C,No
46,8,M,1,1,S,Yes
45,9,M,1,1,C,Yes
28,8,M,0,1,C,No
31,8,M,0,1,O,No
43,8,M,0,1,C,No
41,2,M,1,1,C,No
31,9,F,0,1,C,Yes
35,7,M,0,1,C,No
40,7,M,1,1,C,Yes
48,7,M,0,1,C,No
55,7,M,0,1,C,No
30,12,M,0,1,S,Yes
44,7,M,0,1,C,No
63,7,F,0,1,C,No
35,7,M,0,1,C,No
50,7,M,0,1,C,No
42,7,M,0,1,S,No
39,10,M,0,1,C,No
33,9,M,0,1,C,No
28,9,M,0,1,S,Yes
31,7,F,1,1,S,No
57,7,M,0,1,C,No
30,7,M,0,1,S,No
58,7,M,1,1,C,No
40,7,M,0,1,C,No
31,7,M,1,1,C,Yes
47,7,F,1,1,C,Yes
41,7,M,0,1,C,No
40,7,M,1,1,C,Yes
43,7,M,0,1,C,No
45,7,M,0,1,C,No
50,7,F,0,1,C,No
43,7,F,0,1,C,Yes
29,2,F,1,1,S,Yes
36,7,F,1,0,S,No
38,7,F,0,1,C,Yes
42,9,M,1,1,S,No
40,7,F,0,1,S,No
55,7,M,1,1,C,No
44,7,M,0,1,C,No
61,7,M,1,1,C,No
52,7,M,0,1,C,No
58,7,F,1,1,S,Yes
58,7,M,1,1,C,No
50,7,M,0,1,C,No
58,7,M,0,1,C,No
45,15,M,0,1,C,No
36,10,M,0,1,C,No
71,9,M,1,1,C,No
66,7,M,1,1,C,No
56,12,M,1,1,C,No
51,7,M,0,1,C,No
44,7,M,1,1,C,Yes
53,7,M,1,1,C,No
34,7,M,0,0,S,No
44,7,M,1,1,C,No
47,7,M,0,1,C,No
28,7,M,1,0,S,No
26,7,F,0,1,S,No
54,7,M,0,1,C,No
37,7,M,1,1,C,No
49,7,M,0,1,C,No
32,7,M,0,1,C,No
29,7,M,0,1,S,No
41,7,M,0,1,S,No
27,7,M,0,1,C,No
49,7,F,1,1,C,No
68,7,M,0,1,C,No
46,7,F,0,1,C,No
45,7,M,0,1,S,No
68,7,M,1,1,C,No
79,20,M,0,1,C,No
40,7,F,1,1,C,Yes
68,7,F,0,1,C,No
44,7,F,1,1,C,Yes
34,7,F,0,1,C,No
49,7,F,0,1,C,No
62,7,M,0,1,C,No
34,7,M,0,1,C,No
41,7,M,0,1,C,No
31,7,M,1,1,S,Yes
33,7,M,0,1,C,No
50,7,M,0,1,O,No
53,7,M,0,1,C,No
51,7,M,1,1,C,No
71,7,M,0,1,C,No
54,7,M,0,1,C,No
31,7,F,0,1,S,Yes
31,7,F,1,1,C,No
36,7,M,1,1,C,No
47,7,F,1,1,C,Yes
49,7,M,0,1,C,No
53,15,F,1,1,C,Yes
54,11,M,1,1,C,No
45,9,F,0,1,C,Yes
48,9,M,1,1,C,No
36,7,F,1,1,S,No
32,7,M,0,1,C,No
43,7,M,1,1,C,Yes
68,7,M,0,1,C,Yes
54,7,M,0,1,C,No
56,7,M,0,1,C,No
43,7,F,1,1,O,No
30,7,M,0,1,S,Yes
41,7,M,0,1,C,No
28,7,F,0,1,S,No
32,7,F,0,1,C,Yes
58,7,F,0,1,O,No
51,7,M,0,1,C,No
36,7,M,0,1,C,Yes
60,7,F,1,1,C,No
48,7,M,1,1,C,Yes
35,7,M,0,1,C,No
45,7,F,1,1,C,Yes
61,7,M,1,1,C,Yes
41,7,M,0,1,C,No
76,7,M,0,1,C,No
48,7,F,0,1,C,No
28,7,F,0,1,S,Yes
56,7,F,0,1,C,No
48,7,M,1,1,O,Yes
51,7,M,0,1,C,No
62,7,M,0,1,C,No
52,7,F,0,1,C,No
33,7,F,0,1,S,Yes
48,7,F,1,1,C,Yes
57,7,M,1,1,C,No
39,7,M,1,1,C,Yes
45,27,F,1,1,C,No
44,14,F,1,1,C,No
45,7,M,1,1,C,Yes
64,7,F,1,1,C,Yes
46,7,M,0,1,C,No
23,7,M,0,1,S,Yes
48,7,F,0,1,C,No
39,7,M,1,1,C,No
54,7,F,1,1,C,Yes
36,7,M,0,1,S,No
74,22,M,1,1,C,No
37,7,F,1,1,S,No
21,7,M,1,1,S,Yes
43,7,M,1,1,S,Yes
54,7,M,1,1,C,No
60,7,M,0,1,C,No
41,2,M,0,1,C,No
27,7,F,0,1,S,Yes
38,7,M,1,1,C,No
23,7,F,0,1,S,Yes
33,7,F,0,1,S,No
47,7,M,0,1,C,No
38,20,F,0,1,C,No
73,17,F,0,1,O,Yes
58,10,F,0,1,C,No
55,7,M,0,1,C,No
53,7,M,0,1,C,No
31,7,M,1,1,S,Yes
49,7,M,1,1,C,No
51,16,F,0,1,C,No
45,7,F,0,1,C,No
52,7,M,0,1,C,No
44,7,F,1,1,C,No
56,7,M,0,1,C,No
48,7,M,0,1,C,No
27,7,M,0,1,S,Yes
33,7,M,0,1,C,No
55,7,F,0,1,S,No
37,7,M,1,1,S,Yes
60,7,M,0,1,C,No
37,15,F,0,1,C,No
41,7,F,0,1,C,Yes
33,2,F,1,1,C,No
45,7,M,0,1,C,No
47,7,F,0,1,C,No
30,7,F,0,1,S,Yes
31,7,M,1,1,S,No
35,7,M,1,1,S,Yes
50,7,M,0,1,C,No
40,7,M,1,1,S,No
46,7,F,0,1,C,Yes
28,7,F,1,1,S,Yes
31,7,M,1,1,S,No
52,7,M,0,1,C,Yes
70,7,M,0,1,O,No
43,7,M,0,1,C,No
68,7,M,0,1,C,No
68,7,M,1,1,C,No
31,13,M,0,1,C,No
44,13,M,0,1,S,No
39,7,F,0,1,C,Yes
61,7,M,0,1,C,No
62,7,M,0,1,C,No
33,7,F,0,1,O,Yes
67,7,M,0,1,C,No
43,7,M,0,1,C,No
52,7,M,1,1,C,No
53,7,M,0,1,C,No
56,7,F,1,1,C,Yes
66,7,M,0,1,C,No
33,7,F,1,1,C,No
39,7,F,0,1,C,No
40,7,M,0,1,C,No
65,7,M,0,1,C,No
27,7,M,0,1,S,Yes
30,22,F,0,1,C,Yes
40,17,F,0,1,O,Yes
31,15,M,0,1,S,Yes
50,13,M,0,1,C,No
34,15,M,1,1,C,Yes
40,7,M,0,1,C,No
58,7,M,0,1,C,No
39,7,F,1,1,C,Yes
44,7,M,0,1,C,No
51,7,M,0,1,C,No
33,7,M,0,1,O,No
33,7,M,0,1,C,No
44,7,M,1,1,S,No
35,7,M,0,1,S,No
41,7,M,0,1,C,No
65,7,M,0,1,C,No
46,13,F,0,1,C,No
45,7,M,0,1,C,No
48,7,F,0,1,C,No
61,7,M,0,1,C,No
38,7,F,1,1,S,No
34,7,M,0,1,C,No
57,7,M,0,1,C,No
37,7,M,1,1,C,No
42,7,M,0,1,S,No
46,7,F,0,1,C,No
30,7,F,1,1,S,Yes
67,7,M,0,1,C,No
62,7,M,0,1,C,No
41,7,M,0,1,C,No
33,7,F,0,1,S,No
38,7,F,0,1,C,No
51,7,M,1,1,C,No
62,7,M,0,1,C,No
47,7,M,0,1,C,No
45,7,F,0,1,C,No
50,7,M,0,1,C,Yes
42,7,M,0,1,C,No
52,7,M,0,1,C,No
33,7,M,1,1,S,No
48,7,F,0,1,C,No
76,7,M,1,1,C,No
36,7,F,0,1,C,Yes
31,7,M,1,1,C,Yes
55,7,M,0,1,C,No
47,8,M,0,1,C,No
65,7,M,0,1,C,No
27,7,F,1,1,C,Yes
35,7,F,0,1,S,No
59,7,M,0,1,C,No
30,7,M,0,1,C,No
38,7,M,0,1,S,No
57,26,M,1,1,C,Yes
45,16,M,0,1,C,No
38,16,M,1,1,S,Yes
45,14,M,1,1,C,No
50,12,F,0,1,C,Yes
54,11,M,1,1,C,No
71,11,M,1,1,C,No
49,11,M,0,1,C,No
54,11,M,1,1,C,Yes
44,11,F,1,1,C,Yes
48,10,M,0,1,C,No
46,9,M,1,1,C,Yes
45,9,M,1,0,O,No
37,9,F,0,1,O,No
31,9,M,0,1,C,No
42,9,M,0,1,C,No
44,7,M,0,1,O,No
36,7,M,0,1,C,No
53,7,M,0,1,C,No
35,7,F,1,0,C,Yes
40,11,M,0,1,O,Yes
59,7,M,0,1,C,No
37,7,M,0,1,C,No
42,7,M,0,1,C,No
52,6,M,0,1,C,No
38,6,M,1,1,C,No
46,6,M,1,1,C,Yes
42,6,F,1,1,C,Yes
46,6,F,0,1,C,No
47,6,M,0,1,C,No
36,6,M,0,1,C,No
37,6,M,0,1,C,No
66,6,M,0,1,C,No
64,6,M,0,1,C,No
41,6,M,0,1,C,No
30,8,M,1,1,S,Yes
46,6,M,0,1,C,No
54,6,F,1,1,C,Yes
71,14,M,0,1,C,No
29,6,M,0,1,C,No
49,6,F,0,1,C,Yes
58,6,M,1,1,C,Yes
30,6,M,0,1,C,No
36,8,M,0,1,C,No
49,6,F,1,1,C,Yes
47,6,M,0,1,C,No
38,6,M,0,1,C,No
36,6,M,0,1,C,No
56,6,M,0,1,C,No
45,6,M,0,1,C,No
37,19,M,0,1,S,No
63,18,F,1,1,O,Yes
30,17,M,1,1,S,Yes
31,15,M,1,1,S,No
36,14,M,0,1,S,No
72,12,M,0,1,C,No
65,9,M,1,1,C,No
32,7,F,0,1,C,No
59,6,M,1,1,C,No
31,6,M,0,1,S,No
61,6,M,1,1,C,No
56,6,M,0,1,C,No
28,6,F,0,1,O,Yes
31,6,M,0,1,S,No
26,6,M,1,1,S,Yes
47,6,M,0,1,C,No
37,6,F,0,1,C,Yes
66,6,M,0,1,C,No
50,6,M,0,1,C,No
26,7,M,1,1,C,No
27,6,F,1,1,S,Yes
53,6,F,0,1,C,No
59,6,M,1,1,C,No
60,6,M,0,1,C,No
26,6,M,1,1,S,Yes
36,9,M,1,1,C,Yes
29,8,M,0,1,S,Yes
44,6,F,1,1,C,No
37,6,F,0,1,C,Yes
52,6,M,0,1,C,No
60,6,F,0,1,C,No
55,6,M,1,1,C,No
36,6,F,0,1,C,Yes
36,6,F,0,1,S,No
58,6,M,1,1,C,Yes
31,6,F,0,1,C,No
30,6,F,0,1,S,Yes
39,6,M,1,1,C,No
33,11,F,0,1,C,Yes
24,7,F,1,1,S,Yes
46,6,M,0,1,C,No
68,6,M,0,1,C,No
31,13,M,0,1,O,No
49,6,M,0,1,C,No
40,6,M,1,1,C,Yes
73,6,M,0,0,O,No
57,6,F,0,1,C,No
42,6,M,0,1,O,No
58,6,M,0,1,C,No
48,6,F,1,1,C,No
43,6,F,0,1,C,No
61,6,F,1,1,O,No
35,6,M,0,1,S,No
52,6,F,0,1,O,No
39,6,M,0,1,C,No
45,6,M,0,1,C,No
48,17,F,0,1,C,Yes
34,15,F,1,1,C,No
43,6,F,0,1,C,No
51,6,F,0,1,C,No
48,6,F,1,1,C,Yes
73,6,M,0,1,C,No
48,6,M,1,1,C,No
48,6,M,1,1,S,Yes
21,6,F,0,1,S,No
32,6,M,0,1,S,No
49,6,M,0,1,C,No
48,6,M,1,1,C,No
34,6,M,0,1,C,No
30,6,M,0,1,S,No
20,6,M,0,1,S,Yes
50,6,M,0,1,C,No
71,6,M,0,1,C,No
40,6,F,1,1,C,Yes
54,6,M,0,1,C,No
55,6,F,1,1,O,Yes
48,6,F,0,1,C,No
50,6,M,0,1,C,No
58,6,M,0,1,C,No
49,6,M,0,1,C,No
32,6,F,0,1,C,Yes
46,6,F,1,1,S,Yes
31,6,F,1,1,S,Yes
29,6,M,0,1,S,No
58,6,F,0,1,C,No
72,6,M,0,1,C,No
31,6,F,0,1,C,Yes
38,6,F,0,1,C,No
45,21,M,0,1,C,Yes
29,10,F,0,1,C,Yes
53,10,F,1,1,C,No
47,7,F,0,1,C,No
33,6,F,1,1,C,Yes
38,6,M,0,1,C,No
57,6,M,0,1,C,No
31,6,M,1,1,S,No
57,6,M,0,1,C,No
49,6,M,0,1,C,No
33,6,F,1,1,C,Yes
52,6,M,1,1,C,No
71,6,M,0,1,C,No
61,6,M,1,1,C,No
29,6,M,1,1,S,Yes
43,6,M,1,1,C,No
54,6,M,1,1,C,No
58,6,M,1,1,C,No
56,6,M,1,1,C,No
26,6,F,1,1,S,Yes
36,6,M,1,1,C,Yes
24,6,M,1,1,S,No
60,6,M,0,1,C,Yes
40,6,M,0,1,C,No
36,6,M,0,1,C,No
40,6,M,1,1,C,No
40,6,M,1,1,S,Yes
47,6,M,0,1,C,No
37,6,F,1,1,C,Yes
63,6,M,0,1,C,No
40,6,F,0,1,S,No
54,6,M,1,1,C,Yes
35,6,M,0,1,C,No
58,6,M,0,1,C,No
26,12,M,0,1,S,Yes
48,6,F,1,1,C,Yes
30,6,M,1,1,C,No
45,6,F,0,1,C,No
56,6,F,0,1,C,No
34,6,M,1,1,S,No
35,6,M,0,1,S,No
44,6,F,0,1,C,No
32,6,F,1,1,S,No
25,6,M,0,1,S,Yes
35,6,F,1,1,S,Yes
36,6,M,1,1,C,Yes
83,6,M,1,1,C,No
61,6,F,0,1,C,No
28,6,F,0,1,S,Yes
36,6,M,0,1,C,Yes
29,6,F,1,1,S,Yes
36,6,F,0,1,S,Yes
33,6,M,0,1,S,No
83,19,M,0,1,C,No
36,17,M,0,1,S,Yes
74,15,M,1,1,C,No
34,12,M,1,1,C,No
45,6,M,1,1,C,Yes
37,6,M,1,1,C,No
54,6,M,0,1,C,No
80,6,M,1,1,C,No
42,6,M,0,1,C,No
45,6,F,0,1,C,No
35,6,M,1,1,C,Yes
29,6,F,0,1,S,Yes
39,6,M,0,1,C,No
30,6,F,1,1,C,Yes
42,6,M,0,1,C,Yes
58,6,M,0,1,C,No
52,6,M,0,1,C,No
33,6,M,1,1,C,No
65,6,F,1,1,O,Yes
37,9,F,1,1,S,No
35,6,M,0,1,C,No
60,6,F,0,1,C,No
46,6,M,0,1,C,No
29,6,F,0,1,S,No
52,6,F,1,1,C,Yes
47,6,M,0,1,C,No
42,6,M,1,1,C,Yes
57,6,M,0,1,C,Yes
59,6,M,1,1,S,No
39,6,F,1,1,C,Yes
45,6,F,1,1,C,No
32,6,M,0,1,C,No
38,6,F,0,1,C,No
42,6,M,0,1,C,No
31,6,M,0,1,S,No
56,6,F,0,1,C,No
67,6,F,0,1,S,No
29,6,F,1,1,S,No
26,6,M,0,1,S,Yes
37,6,M,1,1,C,No
53,6,M,1,1,S,No
71,6,M,0,1,C,No
59,12,F,0,1,C,No
41,6,M,0,1,C,No
66,6,M,0,1,C,No
46,6,M,1,1,C,No
47,6,M,0,1,S,No
26,6,F,0,1,S,Yes
29,6,M,1,1,S,Yes
28,6,F,0,1,C,Yes
60,6,F,0,1,C,No
50,6,M,0,1,C,No
61,6,M,0,1,C,No
69,6,M,0,1,C,No
40,6,M,0,1,S,No
52,6,F,0,1,C,No
27,6,M,0,1,S,No
51,6,M,0,1,C,No
46,6,M,1,1,C,No
18,6,F,0,1,S,Yes
34,6,F,1,1,S,Yes
44,8,F,0,1,S,No
40,6,M,0,1,C,No
45,6,M,0,1,C,No
56,6,M,0,1,C,No
34,6,M,0,1,C,No
37,6,F,0,1,C,No
33,6,M,0,1,C,No
38,6,M,1,1,S,Yes
36,6,M,0,1,C,No
54,16,M,0,1,C,Yes
31,14,M,0,1,S,Yes
31,7,M,0,1,C,Yes
26,6,F,0,1,C,Yes
61,6,M,0,1,C,Yes
29,5,M,0,1,C,No
42,5,M,0,1,C,Yes
28,5,M,1,1,S,Yes
34,5,M,0,1,C,No
36,5,M,1,1,C,No
58,5,M,0,1,C,No
69,5,M,0,1,C,No
31,5,F,0,1,C,Yes
55,5,M,1,1,C,No
35,5,M,1,1,S,Yes
42,5,M,0,1,C,No
55,5,M,0,1,C,No
29,5,F,1,1,S,Yes
29,5,M,1,1,S,Yes
64,15,M,1,1,C,Yes
40,5,M,1,1,C,Yes
28,5,M,0,1,S,No
27,5,M,0,1,S,No
36,14,M,0,1,C,No
31,5,M,0,1,S,No
58,5,F,0,1,C,No
39,5,F,1,1,S,Yes
56,5,M,0,1,C,No
27,5,F,0,1,S,Yes
51,5,M,0,1,C,No
57,5,M,0,1,C,No
37,5,F,1,1,C,Yes
44,5,F,0,1,C,No
52,5,F,0,1,C,No
38,5,F,0,1,C,No
47,15,M,0,1,C,No
27,5,M,0,1,S,Yes
25,5,F,0,1,C,Yes
28,5,F,1,1,C,No
28,5,M,0,1,S,No
38,13,F,1,1,S,Yes
61,13,M,1,1,C,No
50,9,M,1,1,C,No
41,9,M,0,1,C,No
48,5,M,1,1,C,No
36,5,F,1,1,C,Yes
60,5,F,0,1,C,No
37,5,F,0,1,S,Yes
63,5,M,0,1,C,No
55,5,M,0,1,C,No
43,5,M,0,1,C,No
40,5,M,1,1,C,No
40,5,M,1,1,C,Yes
49,5,M,1,1,C,No
39,5,M,0,1,C,No
56,5,F,1,1,C,Yes
43,16,M,1,1,S,Yes
29,16,M,0,1,C,Yes
33,14,F,0,1,C,No
36,5,F,0,1,C,Yes
38,5,M,0,1,C,No
26,5,F,1,1,S,Yes
31,5,M,1,1,S,Yes
31,5,F,1,1,C,Yes
30,5,M,0,1,S,No
40,5,F,0,1,C,No
38,5,F,1,1,C,Yes
47,5,M,1,1,C,No
40,5,M,1,1,C,Yes
29,5,F,0,1,C,Yes
59,5,M,1,1,C,No
27,5,M,0,1,S,No
37,5,F,0,1,C,No
44,5,M,1,1,C,No
27,5,F,0,1,C,Yes
31,5,F,0,1,C,Yes
30,5,F,0,1,S,No
58,5,M,1,1,C,No
30,21,M,0,1,S,Yes
30,6,M,0,1,S,No
40,6,F,0,1,C,No
26,5,F,0,1,C,No
42,5,M,1,1,S,No
54,5,M,1,1,C,No
30,5,M,0,1,S,Yes
36,5,F,1,1,C,No
72,5,M,1,1,C,No
82,5,M,0,1,C,No
28,5,F,0,1,S,Yes
42,5,M,1,1,C,Yes
68,5,F,0,1,C,No
33,5,M,0,1,O,No
40,5,M,0,1,C,Yes
61,5,M,0,1,C,No
69,5,M,0,1,C,No
57,23,M,0,1,C,Yes
51,15,F,1,1,C,Yes
40,6,M,1,1,C,Yes
37,6,M,0,1,C,No
60,5,M,1,1,C,No
63,5,F,0,1,C,No
44,5,F,0,1,O,Yes
28,5,M,1,1,S,Yes
39,5,M,1,1,C,No
23,5,M,0,1,S,Yes
61,5,M,1,1,C,No
45,5,M,0,1,C,No
37,5,M,0,1,C,No
39,7,M,0,1,C,No
25,5,F,1,1,S,Yes
23,5,M,1,1,S,No
58,5,M,0,1,S,No
35,5,M,1,1,S,Yes
43,5,F,1,1,C,Yes
26,5,F,1,1,S,Yes
28,5,F,0,1,S,Yes
46,5,M,0,1,C,No
58,5,M,1,1,C,No
80,28,M,0,1,C,No
65,9,M,1,1,C,No
33,9,M,1,1,S,No
38,15,F,0,1,C,Yes
43,5,F,1,1,C,Yes
58,5,M,0,1,C,No
63,5,M,0,1,C,No
31,5,M,0,1,C,No
25,5,M,1,1,S,Yes
53,5,F,1,1,C,No
53,5,M,0,1,C,Yes
40,5,M,0,1,C,No
31,5,M,0,1,S,No
42,5,F,1,1,S,Yes
26,5,M,1,1,S,No
28,5,M,1,1,C,Yes
28,5,F,1,1,S,Yes
70,5,M,1,1,C,No
42,5,M,0,1,C,No
61,5,M,0,1,S,No
39,5,M,1,1,C,Yes
56,5,M,0,1,C,Yes
51,5,M,1,1,C,No
50,5,M,1,1,C,No
68,5,M,0,1,C,Yes
27,5,M,1,1,S,Yes
68,5,M,0,1,C,No
29,5,M,1,1,O,No
38,5,M,0,1,C,No
45,30,F,0,1,C,No
39,14,M,0,1,C,No
46,14,F,0,1,O,No
51,5,F,0,1,C,No
26,5,M,1,1,S,Yes
61,5,M,0,1,C,No
44,5,F,1,1,O,Yes
41,5,M,1,1,C,Yes
41,5,M,0,1,C,No
48,5,M,0,1,C,No
35,5,M,0,1,C,No
54,5,M,1,1,C,No
28,5,M,0,1,S,No
37,21,M,0,1,C,Yes
40,8,F,0,1,C,No
38,6,F,0,1,C,No
34,6,M,1,1,C,No
47,5,M,1,1,C,No
35,5,M,0,1,S,No
36,10,M,1,1,C,Yes
68,5,M,0,1,C,No
55,5,M,0,1,C,No
55,5,F,1,1,C,Yes
32,5,M,0,1,C,No
31,5,M,0,1,S,No
21,5,M,0,1,S,Yes
23,5,M,0,1,S,Yes
56,5,F,0,1,C,No
46,5,F,1,1,S,No
75,20,M,0,1,C,No
44,20,M,0,1,C,Yes
58,5,M,0,1,C,No
57,7,F,0,1,C,No
36,5,F,0,1,C,Yes
46,5,F,0,1,C,No
45,5,M,0,1,C,No
35,5,M,0,1,S,No
29,5,M,0,1,S,Yes
27,5,F,1,1,S,No
56,5,F,1,1,S,Yes
43,5,M,1,1,C,Yes
60,5,M,1,1,C,No
44,5,M,0,1,C,No
25,5,F,0,1,C,Yes
37,5,M,0,1,C,No
46,5,F,0,1,C,No
55,5,M,1,1,C,No
28,5,M,1,1,S,No
45,5,F,1,1,C,No
54,5,M,1,1,C,No
43,5,M,0,1,C,No
28,5,F,1,1,S,Yes
53,5,M,0,1,C,No
27,5,F,0,1,S,No
37,5,M,1,1,C,Yes
69,5,M,0,1,C,No
34,5,F,0,1,S,No
46,5,M,1,1,C,No
40,6,M,1,1,C,No
73,5,F,1,1,O,Yes
53,5,F,1,1,O,Yes
50,5,F,1,1,C,No
56,5,M,0,1,C,No
50,5,M,0,1,C,No
57,5,F,1,1,S,Yes
30,5,F,1,1,S,No
58,5,F,1,1,O,No
46,5,M,1,1,C,No
70,5,M,0,1,C,No
33,5,M,0,1,C,No
27,5,M,0,1,S,No
27,5,M,1,1,O,Yes
43,5,F,0,1,S,Yes
46,5,F,0,1,C,No
47,5,F,1,1,C,Yes
60,5,M,0,1,C,No
65,5,M,0,1,C,No
34,5,M,0,1,C,No
29,5,F,0,1,C,Yes
26,5,M,1,1,S,No
28,5,M,0,1,S,No
23,5,M,0,1,S,No
48,5,M,1,1,S,Yes
41,5,M,0,1,C,No
27,5,M,0,1,S,No
49,5,M,0,1,C,No
54,5,M,0,1,C,No
41,5,F,0,1,S,No
24,5,M,1,1,S,Yes
28,5,F,0,1,S,No
30,6,M,0,1,S,No
30,5,M,0,1,C,No
25,5,F,0,1,S,Yes
43,5,F,0,1,C,Yes
27,4,F,0,1,S,No
33,4,F,0,1,S,No
29,4,F,0,1,S,Yes
28,4,F,0,1,C,Yes
45,4,F,0,1,C,No
41,4,F,0,1,C,No
54,4,M,0,1,C,No
27,4,M,0,1,S,No
32,4,F,0,1,C,No
34,4,F,0,1,C,No
49,4,F,0,1,C,Yes
30,4,M,0,1,S,No
47,4,M,0,1,C,No
60,4,F,1,1,C,Yes
29,4,M,0,1,S,No
41,27,F,0,1,C,No
61,23,M,1,1,C,Yes
35,22,F,0,1,S,Yes
38,12,F,0,1,C,No
43,12,M,0,1,C,No
42,8,F,0,1,O,Yes
35,5,M,1,1,C,Yes
34,4,F,1,1,C,Yes
23,4,M,0,1,S,No
51,4,F,0,1,C,No
37,4,M,0,1,C,No
39,4,F,1,1,O,No
50,4,F,0,1,C,No
34,4,M,0,1,C,No
45,4,F,1,1,C,Yes
47,4,F,0,1,C,No
35,4,M,0,1,C,Yes
29,4,F,1,1,C,No
36,4,F,0,1,C,No
27,4,F,1,1,S,No
42,4,M,0,1,C,No
46,4,M,0,1,C,No
53,4,M,0,1,C,No
34,4,M,1,1,S,Yes
32,4,M,1,1,S,No
30,11,M,0,1,S,Yes
31,7,F,0,1,S,Yes
23,6,F,0,1,C,Yes
62,5,M,0,1,C,No
32,4,F,1,1,S,No
38,4,M,0,1,C,No
46,4,M,1,1,C,No
69,4,M,0,1,C,No
34,4,F,0,1,S,No
26,4,F,1,1,S,Yes
25,4,F,1,1,S,No
54,4,M,0,1,C,No
61,4,M,0,1,C,No
53,4,M,1,1,C,No
31,4,M,0,1,S,No
27,4,F,0,1,S,Yes
50,4,M,1,1,C,No
34,4,M,0,1,S,No
44,4,M,0,1,C,No
55,4,M,0,1,C,No
50,4,M,0,1,C,No
31,4,M,1,1,S,No
58,4,M,0,1,O,No
26,4,F,0,1,C,No
43,4,M,1,1,C,No
44,21,F,0,1,C,Yes
30,4,M,0,1,C,No
34,4,M,0,1,C,No
70,4,M,0,1,C,No
32,4,M,1,1,S,No
35,4,M,1,1,S,No
47,4,M,0,1,O,No
29,4,F,1,1,S,No
35,4,M,1,1,S,Yes
33,4,M,1,1,S,No
27,4,F,0,1,S,No
51,4,M,1,1,C,No
42,4,M,0,1,C,No
39,4,M,0,1,S,No
26,10,M,0,1,S,Yes
38,4,M,1,1,C,Yes
27,4,M,0,1,S,No
37,4,M,1,1,S,Yes
48,4,F,0,1,C,No
38,4,M,1,1,C,No
56,4,M,0,1,C,No
24,4,F,0,1,S,Yes
34,4,M,0,1,C,No
39,17,M,0,1,S,Yes
38,8,F,0,1,C,Yes
59,4,F,1,1,C,No
31,4,F,0,1,S,Yes
35,4,M,1,1,C,Yes
30,4,F,1,1,C,No
38,4,M,0,1,C,No
24,4,F,0,1,S,Yes
31,4,F,1,1,C,Yes
29,4,M,0,1,C,No
39,4,M,0,1,S,No
37,4,F,0,1,C,No
68,4,M,1,1,C,No
58,4,M,0,1,C,No
64,4,F,0,1,C,No
28,4,M,0,1,C,No
35,4,F,1,1,C,Yes
28,4,M,0,1,C,No
65,4,M,0,1,C,No
22,4,M,0,1,S,Yes
48,4,M,0,1,C,No
43,4,M,0,1,C,No
58,4,M,0,1,C,No
32,4,F,0,1,S,No
27,4,F,0,1,C,Yes
54,4,M,1,1,C,No
37,4,F,1,1,C,Yes
58,16,M,0,1,C,No
29,12,F,0,1,S,Yes
34,5,M,1,1,O,No
68,4,M,1,1,C,No
50,4,M,1,1,C,No
29,4,F,1,1,S,No
39,9,F,0,1,C,Yes
33,4,M,0,1,S,No
20,4,M,0,1,S,Yes
48,4,F,0,1,C,No
29,4,M,1,1,C,No
35,4,M,0,1,C,No
46,4,F,1,1,C,Yes
44,4,M,1,1,C,No
47,4,F,0,1,C,No
48,4,M,1,1,C,No
70,4,M,0,1,C,No
47,4,M,0,1,C,No
53,4,M,1,1,C,No
58,4,M,0,1,C,Yes
52,4,M,1,1,C,No
37,4,F,1,1,S,Yes
39,4,M,0,1,C,No
53,4,M,1,1,O,No
30,4,M,0,1,C,No
33,4,M,0,1,C,No
53,4,M,1,1,C,No
24,4,M,0,1,S,No
27,4,F,1,1,S,No
45,4,M,0,1,C,No
51,17,M,1,1,C,No
35,4,M,1,1,C,Yes
53,4,F,0,1,C,No
39,4,M,0,1,O,No
62,4,M,0,1,C,No
48,4,F,1,1,S,No
34,4,M,0,1,S,No
47,4,M,0,1,C,No
36,4,M,1,1,C,Yes
38,4,M,0,1,C,No
50,4,F,1,1,O,Yes
30,4,M,1,1,C,Yes
30,4,M,0,1,C,No
30,4,M,0,1,S,No
31,4,F,1,1,S,Yes
34,4,F,1,1,C,Yes
53,4,F,1,1,O,No
41,4,M,0,1,C,No
38,4,M,1,1,C,No
35,4,M,0,1,C,No
50,4,M,0,1,C,No
57,4,M,0,1,C,No
49,4,F,0,1,C,No
24,4,M,0,1,S,No
40,20,M,0,1,S,No
18,6,M,1,1,S,No
63,4,F,1,1,C,No
29,4,F,1,1,C,No
35,4,M,0,1,C,Yes
30,4,F,0,1,C,No
34,4,M,1,1,C,Yes
47,4,M,0,1,C,No
30,4,F,1,1,C,Yes
48,4,M,0,1,C,No
34,4,M,1,1,C,Yes
56,4,F,0,1,O,No
26,4,M,0,1,C,No
63,4,M,1,1,C,No
41,4,F,1,1,C,Yes
49,4,F,1,1,C,No
60,4,M,0,1,C,No
43,4,M,1,1,C,No
41,4,M,0,1,C,No
62,4,F,0,1,C,No
62,20,M,1,1,C,No
27,8,M,0,1,S,Yes
39,8,M,0,1,C,No
36,4,F,1,1,C,Yes
38,4,M,1,1,C,No
37,4,F,0,1,C,No
66,4,M,1,1,C,No
60,4,M,1,1,C,No
46,4,F,0,1,C,No
74,4,M,0,1,C,No
43,4,F,0,1,C,No
23,4,M,0,1,C,Yes
34,8,M,1,1,C,Yes
50,4,M,0,1,C,No
63,4,M,1,1,C,No
65,4,M,0,1,C,No
24,4,M,1,1,S,No
67,9,F,1,1,C,Yes
22,4,M,1,1,C,Yes
52,4,F,1,1,C,Yes
39,4,M,0,1,C,No
55,4,M,0,1,C,No
22,7,M,0,1,S,Yes
35,4,M,0,1,O,No
59,4,F,0,1,C,No
70,20,M,0,1,C,No
62,18,F,1,1,C,No
31,18,M,0,1,S,No
33,7,M,0,1,C,No
28,4,M,0,1,S,No
38,4,M,0,1,C,No
69,4,M,0,1,C,No
50,4,F,0,1,C,No
52,4,F,1,1,C,Yes
26,4,F,0,1,C,Yes
31,4,M,1,0,C,No
22,4,M,0,1,S,No
43,4,F,0,1,C,No
32,4,F,1,1,C,Yes
45,4,F,1,1,C,Yes
40,4,M,0,1,C,No
53,4,M,1,1,S,No
42,4,M,0,1,C,No
27,4,M,0,1,C,No
43,4,M,0,1,C,No
41,4,F,0,1,C,No
47,4,F,1,1,C,Yes
36,4,M,1,0,C,Yes
30,7,M,1,1,S,Yes
44,4,M,0,1,C,No
71,19,F,0,1,O,Yes
67,19,M,0,1,C,No
41,5,F,0,1,C,No
23,4,M,0,1,S,No
22,4,M,1,1,S,Yes
44,4,M,0,1,C,No
30,4,F,0,1,S,No
29,4,M,0,1,S,No
30,4,F,0,1,C,Yes
29,4,M,0,1,C,Yes
67,4,F,1,1,C,No
29,4,M,0,1,S,No
40,4,F,0,1,C,No
38,4,M,0,1,C,No
47,4,M,0,1,C,No
50,4,F,1,1,C,Yes
38,4,F,1,1,C,No
22,4,M,0,1,C,No
56,4,F,0,1,C,No
18,4,M,0,1,S,No
27,4,M,0,1,S,No
41,4,M,0,1,C,No
40,4,F,0,1,C,No
80,4,M,0,1,C,No
46,4,M,0,1,C,No
27,4,M,0,1,S,No
29,4,M,0,1,O,No
68,4,F,1,1,C,No
58,4,M,1,1,C,No
24,4,M,0,1,C,No
51,4,M,0,1,C,No
29,4,M,0,1,C,No
31,4,M,1,1,S,No
43,4,F,0,1,C,No
30,4,M,1,1,S,Yes
54,4,M,1,1,C,No
49,4,M,1,1,C,No
33,4,F,1,1,C,No
56,4,M,1,1,C,No
56,3,M,1,1,C,No
65,19,M,0,1,C,No
34,9,F,0,1,C,No
28,8,M,0,1,S,No
78,8,M,0,1,C,No
37,5,M,1,1,C,No
36,5,M,1,1,C,Yes
47,4,M,1,1,C,No
24,4,M,0,0,S,No
26,3,F,0,1,C,Yes
38,3,F,1,1,C,No
24,3,M,0,1,S,Yes
40,3,M,0,1,S,No
34,3,M,0,1,S,Yes
30,3,M,1,1,S,No
22,3,M,0,1,S,No
31,3,M,1,1,C,Yes
26,3,F,0,1,O,No
35,3,F,0,1,O,Yes
26,3,F,0,1,C,Yes
47,3,M,0,1,C,No
71,3,M,0,1,C,No
34,3,M,1,1,C,Yes
31,3,M,0,1,C,No
50,3,M,0,1,C,No
27,3,M,0,0,C,No
19,3,M,1,1,S,Yes
49,3,F,0,1,C,No
39,3,M,0,1,C,No
43,3,M,0,1,C,No
27,3,F,0,1,C,No
48,3,F,1,1,S,No
27,27,M,0,1,S,Yes
40,14,M,1,1,S,No
36,4,F,0,1,S,Yes
33,3,F,0,1,C,No
34,3,M,1,1,C,Yes
40,3,F,0,1,O,No
23,3,M,1,1,S,No
22,3,M,0,1,S,No
33,3,M,0,1,C,No
29,3,F,1,1,S,Yes
44,3,F,0,1,O,No
53,3,F,0,1,C,No
30,3,F,1,1,C,Yes
42,3,M,0,1,C,No
46,3,M,0,1,C,No
74,3,M,0,1,C,No
24,3,M,0,1,C,No
54,3,M,0,1,S,No
27,3,M,1,1,S,Yes
35,3,M,0,1,C,No
70,3,M,0,1,C,No
29,22,F,1,1,O,Yes
35,13,F,0,1,C,No
47,9,F,1,1,S,No
60,8,M,0,1,C,Yes
34,7,F,0,1,C,Yes
60,3,M,0,1,C,No
70,3,M,0,1,C,No
45,3,M,0,1,C,No
36,3,M,0,1,C,No
41,3,M,0,1,S,No
67,3,M,0,1,C,No
30,3,M,1,1,C,Yes
74,3,M,0,1,C,No
60,3,F,0,1,C,No
61,3,M,0,1,C,No
60,3,M,1,1,C,No
57,3,M,0,1,O,No
26,3,F,1,1,S,Yes
26,3,M,0,1,S,No
26,3,M,1,1,C,No
28,3,F,0,1,S,No
34,3,M,0,1,C,No
33,3,M,1,1,S,No
29,3,F,0,1,S,Yes
52,3,M,1,1,C,No
33,3,M,0,1,C,Yes
21,3,M,0,1,S,No
26,3,M,1,1,S,No
26,3,M,0,1,S,No
54,12,F,1,1,O,Yes
34,3,F,0,1,C,No
33,3,M,1,1,C,Yes
53,3,M,1,1,C,No
53,3,M,0,1,C,No
25,3,F,0,1,S,Yes
43,3,M,0,1,C,No
48,3,M,0,1,C,No
52,3,M,0,1,C,No
41,3,F,0,1,C,No
51,3,M,0,1,C,No
58,3,M,1,1,C,No
27,3,M,1,1,S,Yes
43,3,F,0,1,C,No
46,3,M,1,1,C,No
37,3,M,0,1,C,No
53,3,F,0,1,C,No
46,3,M,0,1,C,No
44,3,M,0,1,C,No
51,3,F,0,1,O,Yes
76,26,M,0,1,C,No
56,25,M,0,1,C,Yes
49,15,M,0,1,C,No
26,8,M,0,1,S,Yes
58,8,M,1,1,C,No
29,8,M,0,1,S,Yes
42,4,F,0,1,C,No
32,3,F,1,1,C,No
18,3,M,0,1,S,Yes
23,3,F,1,1,S,No
51,3,M,0,1,C,No
38,3,F,0,1,C,No
42,3,F,0,1,C,No
62,3,M,0,1,C,No
51,3,M,0,1,C,No
34,3,M,0,1,S,No
51,3,M,1,1,C,No
16,3,M,0,1,S,No
34,3,M,1,1,C,Yes
56,3,M,0,1,C,No
29,3,F,0,1,S,No
48,3,M,1,1,C,No
24,3,F,0,1,S,Yes
34,3,M,0,1,C,No
29,3,F,1,1,S,Yes
24,3,F,1,1,S,Yes
73,3,M,1,1,C,No
36,3,F,1,1,O,Yes
30,14,F,0,1,O,No
27,8,M,0,1,O,Yes
26,7,M,0,1,C,No
37,6,F,0,1,C,Yes
45,5,M,0,1,C,No
19,3,F,1,1,S,Yes
29,3,M,0,1,S,No
26,3,M,0,1,C,No
33,3,M,0,1,S,No
25,3,M,0,1,S,No
20,3,M,0,1,S,No
28,3,F,0,1,S,No
24,3,F,1,1,S,Yes
49,3,F,0,1,C,No
35,3,M,0,1,S,No
46,3,M,1,1,C,No
26,3,M,0,1,C,No
60,3,M,0,1,C,No
33,3,F,1,1,S,Yes
36,3,M,0,1,C,No
28,3,F,0,1,S,No
45,3,F,1,1,C,No
26,3,F,1,1,S,Yes
57,3,M,1,1,C,No
57,3,M,0,1,C,No
32,3,M,0,1,C,No
67,3,M,0,1,C,No
24,3,M,1,1,S,Yes
23,3,F,0,1,S,Yes
25,3,M,1,1,S,Yes
32,9,M,0,1,O,Yes
28,8,M,0,1,S,Yes
31,3,F,0,1,C,No
44,4,M,1,1,C,No
29,4,M,1,1,S,No
22,3,M,0,1,S,No
44,3,M,0,1,S,No
42,4,M,1,1,O,No
61,3,M,0,1,C,No
46,3,M,0,1,C,No
45,3,M,0,1,C,No
22,3,M,0,1,S,No
35,3,M,0,1,C,No
33,3,F,1,1,C,No
37,3,F,1,1,C,Yes
19,3,M,1,1,S,Yes
28,3,M,0,1,C,Yes
50,3,M,0,1,C,No
45,3,F,1,1,C,Yes
37,3,F,0,1,C,No
42,3,M,1,1,C,No
38,15,M,0,1,C,No
26,9,M,0,1,S,No
35,7,M,1,1,C,Yes
34,3,M,0,1,C,No
79,3,F,1,1,C,No
22,3,M,0,1,S,Yes
34,3,F,0,1,C,No
30,3,M,0,1,C,No
37,3,M,1,1,C,Yes
50,3,F,0,1,C,No
44,3,F,1,1,C,No
23,3,M,0,1,S,Yes
34,3,M,1,1,C,No
28,3,F,0,1,S,Yes
40,3,M,0,1,C,No
32,3,M,1,1,S,No
47,3,M,0,1,C,No
43,3,M,1,1,O,Yes
28,3,F,1,1,O,No
51,3,M,0,1,S,No
32,3,M,0,1,C,No
34,3,F,0,1,C,No
65,38,M,0,1,C,No
29,3,M,1,1,C,Yes
26,3,F,1,1,S,No
40,3,M,0,1,C,No
37,3,F,1,1,S,No
64,3,F,1,1,C,Yes
27,3,F,0,1,S,Yes
35,3,M,0,1,C,No
45,3,M,1,1,S,No
60,20,F,1,1,C,Yes
30,4,M,0,1,S,No
15,3,M,0,1,S,No
57,3,M,1,1,C,No
35,3,F,1,1,O,Yes
74,3,M,1,0,O,No
24,3,F,0,1,S,Yes
29,3,M,0,1,S,No
27,3,M,0,1,S,No
41,3,M,1,1,C,No
48,3,M,0,1,O,No
25,3,M,0,1,C,No
53,3,F,0,1,C,No
23,3,M,1,1,S,Yes
47,3,M,0,1,C,No
47,3,F,1,1,C,Yes
23,3,F,0,1,C,Yes
48,3,M,0,1,C,Yes
48,3,M,0,1,C,No
21,3,M,0,1,S,No
52,3,M,0,1,O,No
70,3,F,0,1,C,No
26,3,F,1,1,S,Yes
27,3,F,0,1,C,Yes
18,3,F,1,1,O,No
39,3,F,1,1,C,Yes
51,3,M,0,1,C,No
41,3,M,0,1,C,No
36,3,M,0,1,C,No
46,16,M,0,1,C,Yes
51,14,M,0,1,C,No
43,13,F,0,1,O,No
32,7,M,0,1,C,No
38,5,M,0,1,S,No
35,4,F,0,1,C,No
44,3,F,1,1,C,No
39,3,F,0,1,S,No
48,3,F,1,1,C,Yes
23,3,F,0,1,S,No
31,3,F,0,1,S,No
46,3,M,1,1,C,No
56,3,M,0,1,C,Yes
50,3,M,1,1,S,No
23,3,M,0,1,S,No
47,3,M,0,1,C,No
38,3,M,0,1,S,No
60,3,M,1,1,C,No
44,3,M,0,1,C,No
43,3,F,0,1,C,No
28,3,F,0,1,C,Yes
24,3,M,0,1,C,No
81,3,M,0,1,C,No
77,3,M,0,1,C,No
38,3,M,1,0,C,No
35,3,F,0,1,S,Yes
36,3,F,1,1,C,No
26,3,M,0,1,C,No
19,3,F,0,1,S,Yes
69,3,M,0,1,C,No
29,10,F,0,1,S,No
29,6,M,0,1,O,No
28,5,M,0,1,C,No
43,3,M,0,1,C,No
56,3,F,0,1,C,No
27,3,M,1,1,S,No
42,3,F,0,1,C,No
36,3,F,1,1,C,Yes
18,3,M,0,1,C,No
24,3,F,0,1,S,No
71,3,M,0,1,C,No
64,3,M,0,1,C,No
68,3,M,0,1,C,No
48,3,M,1,1,C,No
46,3,M,0,1,C,No
38,3,M,0,1,C,No
47,3,F,1,1,C,Yes
22,3,M,1,1,S,No
71,3,M,1,1,C,No
27,3,F,0,1,S,No
51,3,M,0,1,C,No
23,3,F,0,1,S,Yes
21,3,M,1,1,S,Yes
62,3,F,0,1,C,No
47,3,M,0,1,C,No
23,3,M,1,1,S,No
39,3,F,1,1,C,Yes
54,3,M,0,1,C,No
44,3,F,0,1,C,No
27,3,M,1,1,S,No
46,3,M,1,1,C,No
20,3,F,1,1,S,No
22,3,M,0,1,S,No
27,3,M,1,1,S,No
38,18,M,0,1,C,Yes
25,9,M,0,1,O,Yes
38,8,F,0,1,C,Yes
32,8,M,0,1,C,No
41,6,M,1,1,S,No
30,3,M,0,1,S,No
27,3,M,0,1,S,No
23,3,F,0,1,S,No
50,3,M,0,1,C,No
26,3,M,1,1,S,Yes
62,3,M,0,1,C,No
55,3,F,0,1,S,No
42,3,M,1,1,C,No
28,3,M,1,1,S,No
69,3,M,0,1,C,No
71,3,F,1,1,O,No
47,3,M,0,0,C,Yes
36,3,F,0,1,C,No
32,3,F,0,1,C,No
65,3,M,0,1,C,No
65,3,M,0,1,C,Yes
46,3,M,0,1,C,No
29,3,M,0,1,S,Yes
43,3,F,0,1,C,No
40,3,F,0,1,C,No
21,3,M,0,1,S,No
30,3,M,0,1,S,No
58,11,M,0,1,C,No
68,3,M,0,1,C,No
29,3,M,0,1,C,No
31,3,M,1,1,S,No
25,18,M,0,1,S,Yes
34,2,M,1,1,C,No
26,3,M,1,1,S,Yes
45,2,M,1,1,C,No
58,2,M,0,1,C,No
31,3,M,1,1,S,Yes
32,2,M,1,1,S,No
20,2,M,1,1,S,Yes
36,3,M,0,1,C,No
41,2,F,0,1,O,No
59,3,M,0,1,C,No
53,3,M,0,1,C,No
32,3,M,0,1,C,No
51,2,M,0,1,C,No
31,3,F,1,1,S,Yes
25,2,M,0,1,C,No
31,2,M,0,1,C,No
34,2,M,1,1,S,Yes
59,2,M,0,1,C,No
29,2,M,0,1,S,No
63,2,M,0,1,C,No
40,2,M,0,1,C,No
52,15,F,0,1,C,Yes
45,2,F,0,1,C,No
47,2,F,0,1,O,No
30,2,F,1,1,C,Yes
44,2,M,0,1,C,No
48,2,M,0,1,C,No
60,6,M,1,1,C,No
35,2,M,1,1,C,Yes
48,2,M,0,1,C,No
64,18,M,0,1,C,No
51,2,M,1,1,C,No
49,2,M,0,1,C,No
36,2,F,1,1,C,Yes
55,2,M,0,1,O,No
47,3,F,0,1,C,No
28,2,M,1,1,C,Yes
28,16,M,0,1,S,No
21,2,M,0,1,S,No
25,2,F,0,1,S,No
30,2,M,1,1,S,No
26,2,F,1,1,S,No
59,2,M,0,1,C,No
44,2,M,0,1,C,No
49,2,M,1,1,C,No
43,2,M,1,1,C,No
27,16,M,0,1,S,No
44,8,M,0,1,C,No
47,3,M,0,1,C,No
27,14,M,0,1,S,No
27,3,F,0,1,C,Yes
62,2,M,1,1,O,No
27,5,M,1,1,C,Yes
37,2,M,1,1,C,No
63,8,M,1,1,C,No
50,18,M,0,1,C,Yes
67,7,M,0,1,C,No
59,31,M,1,1,C,No
32,2,F,0,1,S,No
63,13,M,0,1,S,No
46,3,M,0,1,C,No
58,15,M,1,1,C,Yes
18,2,M,0,1,S,No
60,7,F,1,1,O,No
67,2,M,1,1,C,No
41,8,F,0,1,C,Yes
30,2,M,0,1,C,No
64,26,M,0,1,C,Yes
32,2,F,0,1,C,No
62,21,M,0,1,C,No
68,6,M,1,1,C,No
32,2,F,1,1,C,Yes
63,2,M,1,1,C,Yes
46,2,M,0,1,C,No
52,2,M,1,1,C,No
25,16,M,1,1,O,Yes
28,12,F,0,1,S,Yes
22,2,M,1,1,S,Yes
27,2,M,0,0,S,No
33,7,M,0,1,C,No
36,2,M,0,1,C,Yes
31,3,M,1,1,S,No
35,2,M,0,1,C,Yes
33,2,M,0,1,C,No
51,2,M,0,1,C,Yes
38,2,M,1,1,C,No
43,2,F,0,1,O,No
37,2,F,0,1,C,No
39,2,M,1,1,O,Yes
45,2,M,0,1,C,No
45,4,M,0,1,C,No
26,2,F,1,1,S,Yes
39,2,M,0,1,C,No
41,2,M,0,1,C,No
28,2,M,0,1,C,No
28,2,F,0,1,C,No
48,2,F,0,1,O,Yes
25,2,M,1,1,S,Yes
35,2,F,1,1,S,Yes
51,2,M,0,1,C,No
28,2,M,1,1,C,No
27,2,M,0,1,S,No
30,2,F,1,1,C,Yes
60,2,M,0,1,C,No
21,2,F,0,1,S,Yes
39,2,M,0,0,S,No
38,2,M,0,1,C,No
67,2,M,0,1,C,No
66,2,M,0,1,C,No
43,2,M,0,1,C,No
31,2,M,0,1,C,No
38,2,M,0,0,C,Yes
59,2,M,1,1,C,No
52,2,M,1,1,C,No
50,2,M,0,1,C,No
47,2,F,1,1,C,Yes
36,2,M,0,1,C,No
45,2,F,0,1,C,No
49,2,M,0,1,C,No
57,2,F,0,1,C,No
51,2,F,0,1,C,No
34,2,M,0,1,C,No
19,2,M,1,1,S,No
50,2,M,1,1,C,No
61,2,M,0,1,S,No
31,2,M,0,1,C,No
31,2,M,0,1,C,Yes
69,2,M,1,1,C,No
55,2,M,1,1,C,No
43,2,F,1,1,O,Yes
45,2,M,1,1,C,No
35,2,M,0,1,C,No
23,2,F,1,1,S,Yes
70,2,M,0,1,C,No
32,2,M,0,1,C,Yes
23,2,M,1,1,S,Yes
45,2,F,1,1,C,Yes
46,2,F,0,1,C,No
41,2,F,1,1,C,No
20,2,F,0,1,S,No
39,2,F,0,1,C,No
57,2,M,1,1,C,No
50,2,M,0,1,C,No
44,2,M,0,1,C,No
28,2,M,0,1,S,No
56,2,M,0,1,C,Yes
39,2,F,1,1,C,Yes
24,2,F,0,1,S,No
34,2,M,0,1,S,No
40,2,M,0,1,C,Yes
41,2,M,0,1,C,No
54,2,M,0,1,C,No
56,2,F,0,1,O,No
23,2,M,0,1,S,No
59,2,M,0,1,C,No
28,2,F,1,1,S,No
17,2,M,0,1,S,No
28,2,M,0,1,S,Yes
25,2,M,0,1,S,No
19,2,M,0,1,S,Yes
24,2,M,0,1,C,No
26,2,M,0,1,C,No
48,2,M,1,1,C,No
49,4,M,1,1,C,No
44,2,M,0,1,C,No
40,2,F,0,1,C,No
33,2,F,0,1,C,No
34,2,M,0,1,C,No
35,2,F,0,1,S,No
60,2,M,1,1,C,No
23,2,M,0,1,S,No
50,2,M,1,1,C,No
30,2,M,0,1,C,No
59,2,M,0,1,C,No
60,2,M,0,1,O,No
29,2,M,0,1,S,No
27,2,M,0,1,S,No
34,2,F,0,1,O,No
54,2,M,1,1,C,No
18,2,M,1,1,S,Yes
25,2,M,0,1,C,Yes
80,2,M,0,1,C,No
38,2,M,0,1,C,No
29,2,M,0,1,C,No
43,2,M,0,1,O,No
42,2,M,1,1,C,No
72,2,M,0,1,C,No
67,2,F,0,1,C,No
71,2,M,0,1,C,No
70,2,M,0,1,C,No
35,2,M,0,1,C,No
70,2,M,0,1,C,No
29,2,M,1,1,C,Yes
60,2,M,1,1,C,No
39,2,M,1,1,S,No
57,2,F,0,1,C,No
15,2,M,0,0,S,No
32,2,F,1,1,C,Yes
22,2,F,0,1,S,No
67,2,M,0,1,C,No
64,2,M,1,1,C,No
18,2,M,1,1,C,No
27,2,M,0,1,S,No
50,2,M,0,1,C,No
41,2,M,1,1,C,No
48,2,M,0,1,C,No
46,2,M,0,1,S,No
30,2,M,1,1,S,No
31,2,M,1,1,C,No
27,2,F,1,1,S,Yes
54,2,M,0,1,C,No
53,2,M,0,1,C,No
45,2,F,0,1,C,No
26,2,M,0,1,S,No
57,2,M,0,1,C,No
21,2,M,0,1,S,Yes
27,2,M,0,0,S,No
33,2,M,0,1,C,Yes
27,2,M,1,1,S,Yes
46,2,M,0,1,C,No
46,2,F,0,1,C,No
71,2,M,1,1,C,No
75,2,M,0,1,C,No
28,2,F,1,1,S,No
69,2,M,0,1,C,No
21,2,F,1,1,S,Yes
46,2,M,1,1,C,No
28,2,M,0,1,C,No
59,2,M,1,1,C,No
39,2,M,0,1,C,No
51,2,M,1,1,C,No
30,2,M,1,1,S,Yes
38,2,M,1,1,C,No
30,2,F,1,1,C,No
25,2,M,1,1,S,No
29,2,F,0,1,C,No
35,2,M,0,1,C,No
29,2,F,1,1,C,No
38,2,M,0,1,C,No
41,2,F,1,1,C,Yes
36,2,M,1,1,C,No
28,2,M,0,1,C,No
44,2,M,1,1,C,No
47,2,M,1,1,C,No
37,2,F,0,1,C,No
47,2,M,0,1,O,No
61,2,M,1,1,C,No
47,2,M,0,1,C,No
52,2,F,0,1,C,No
33,2,M,0,1,C,No
65,2,M,0,1,C,Yes
47,2,M,0,1,C,No
42,2,M,0,1,O,No
17,2,M,1,1,S,Yes
24,2,M,1,1,S,No
45,2,F,1,1,C,No
62,2,M,0,1,C,No
30,2,M,1,1,C,Yes
56,2,M,1,1,O,No
18,2,M,0,1,S,Yes
27,2,F,0,1,C,Yes
47,2,F,0,1,C,No
29,2,F,0,1,S,Yes
31,2,M,1,1,S,Yes
26,2,F,1,1,C,No
30,2,M,0,1,S,No
26,2,M,1,1,S,Yes
59,2,M,0,1,C,No
24,2,F,0,1,S,Yes
26,2,F,0,1,S,No
29,2,M,1,1,S,No
34,2,M,0,1,C,No
23,2,M,1,1,S,Yes
20,2,M,0,1,S,No
52,2,M,0,1,C,No
42,2,M,0,1,C,No
55,2,M,0,1,C,Yes
67,2,M,1,1,C,No
37,2,F,1,1,S,Yes
69,2,M,0,1,C,No
35,2,M,0,1,C,No
25,2,M,0,1,S,No
20,2,M,1,0,S,No
30,2,F,0,1,C,No
37,2,F,0,1,C,No
59,2,M,0,1,S,No
29,2,M,1,0,O,No
36,2,F,0,1,S,No
24,2,F,1,1,S,No
23,2,M,1,1,C,Yes
32,2,M,1,1,S,Yes
40,2,F,0,1,C,No
46,2,F,0,1,C,No
48,2,F,1,1,C,No
26,2,F,0,1,S,Yes
21,2,M,0,0,S,No
28,2,M,1,1,S,No
32,2,F,0,1,C,No
36,2,M,1,1,C,No
51,2,F,0,1,C,No
27,4,F,0,1,S,Yes
27,2,M,0,1,C,No
21,2,M,0,1,S,No
20,2,M,0,1,S,No
30,2,M,1,1,S,No
31,2,F,1,1,C,Yes
52,2,M,0,1,C,No
52,2,M,1,1,C,No
23,2,M,0,1,S,No
71,2,M,0,1,C,No
46,2,M,1,1,C,No
45,2,M,0,1,C,No
34,2,M,0,1,C,No
35,2,M,1,1,C,No
22,2,M,1,1,S,No
27,2,F,1,1,S,No
65,2,M,1,1,C,No
36,2,M,1,1,C,No
44,2,M,0,1,S,No
47,2,F,0,1,C,No
38,2,M,1,1,C,No
42,2,F,0,1,C,No
30,2,F,0,1,S,No
23,2,F,0,1,S,Yes
41,2,F,1,1,O,Yes
27,2,F,1,1,C,Yes
41,2,M,1,1,C,No
